id,partner_rating,time_on_kiva,kiva_borrowers,total_loans,are_interest_fees_charged,avg_cost_to_borrower,profitability_ROA,avg_loan_size,delinquency_rate,loans_at_risk_rate,default_rate,currency_exchange_loss_rate,fundraising_status,country,capital,official_language,population,avg_annual_income,labour_force,population_below_poverty_line,literacy_rate,infant_mortality_rate_per_1000,life_expectancy
199,4.5,113 months,38760,"$24,611,150 ",Yes,"
				 29% PY							",3.40%,37.60%,5.97%,8.59%,1.25%,0.00%,"
				Active
			",El Salvador,San Salvador,Spanish,"6,125,512","$7,500 ","agriculture: 21%, industry: 20%, services: 58%",36.50%,84.50%,18.44 deaths,74.18 years
181,4.5,120 months,8489,"$10,762,175 ",Yes,"
				 30% PY							",3.30%,26.70%,6.77%,27.94%,0.08%,0.87%,"
				Active
			",Georgia,Tbilisi,"Georgian (official) 71%, Russian 9%, Armenian 7%, Azeri 6%","4,935,880","$6,100 ","agriculture: 55.6%, industry: 8.9%, services: 35.5%",9.20%,99.70%,16.68 deaths,75.72 years
145,4.5,139 months,275661,"$83,612,050 ",Yes,"
				 46% PY							",6.60%,5.70%,4.03%,11.54%,0.02%,0.01%,"
				Active
			",Philippines,Manila,"Filipino (official) and English (official); eight major dialects - Tagalog, Cebuano, Ilocano, Hiligaynon or Ilonggo, Bicol, Waray, Pampango, and Pangasinan","107,668,231","$7,000 ","agriculture: 32%, industry: 15%, services: 53%",25.20%,96.30%,17.64 deaths,N/A years
137,4.5,139 months,42411,"$34,592,750 ",Yes,"
				 29% PY							",3.50%,14.00%,2.32%,4.74%,0.10%,0.00%,"
				Active
			",Ecuador,Quito,Spanish,"15,654,411","$10,600 ","agriculture: 27.8%, industry: 17.8%, services: 54.4%",25.60%,91.60%,17.93 deaths,76.36 years
106,4.5,156 months,15037,"$9,860,225 ",Yes,"
				 20% PY							",3.00%,143.00%,0.19%,0.78%,0.02%,0.01%,"
				Active
			",Cambodia,Phnom Penh,Khmer,"15,458,332","$2,600 ","agriculture: 55.8%, industry: 16.9%, services: 27.3%",20.00%,73.90%,51.36 deaths,63.78 years
9,4.5,177 months,25842,"$17,212,275 ",Yes,"
				 23% PY							",1.80%,93.60%,0.56%,4.42%,0.26%,0.00%,"
				Active
			",Cambodia,Phnom Penh,Khmer,"15,458,332","$2,600 ","agriculture: 55.8%, industry: 16.9%, services: 27.3%",20.00%,73.90%,51.36 deaths,63.78 years
550,4,39 months,1315,"$1,086,525 ",Yes,"
				 30% PY							",-1.00%, N/A ,10.86%,32.38%,0.26%,0.00%,"
				Active
			",Jordan,Amman,"Arabic (official), English","7,930,491","$6,100 ","agriculture: 2.7%, industry: 20%, services: 77.4%",14.20%,95.90%,15.73 deaths,74.1 years
435,4,74 months,3169,"$2,487,450 ",Yes,"
				 32% PY							",0.80%, N/A ,17.06%,37.95%,0.19%,0.00%,"
				Active
			",Peru,Lima,"Spanish (official) 84.1%, Quechua (official) 13%, Aymara (official) 1.7%, Ashaninka 0.3%, other native languages 0.7%, other 0.2%","30,147,935","$12,000 ","agriculture: 25.8%, industry: 17.4%, services: 56.8%",23.90%,94.50%,20.21 deaths,68.39 years
245,4,103 months,19077,"$9,986,250 ",Yes,"
				 39% PY							",6.80%,9.20%,75.50%,98.71%,0.17%,1.17%,"
				Active
			",Pakistan,Islamabad,"Punjabi 48%, Sindhi 12%, Saraiki 10%, Pashto 8%, Urdu (official) 8%, Balochi 3%, Hindko 2%, Brahui 1%, English, Burushaski, and other 8%","196,174,380","$4,700 ","agriculture: 44%, industry: 22%, services: 33%",22.30%,57.90%,57.48 deaths,.. years
202,4,113 months,232131,"$16,742,025 ",Yes,"
				 18% APR							",15.30%, N/A ,0.00%,0.00%,0.94%,0.22%,"
				Active
			",Kenya,Nairobi,"English (official), Kiswahili (official)","45,010,056","$1,800 ","agriculture: 75%, industry and services: 25%",43.40%,87.40%,40.71 deaths,63.52 years
201,4,112 months,10007,"$6,175,150 ",Yes,"
				 34% PY							",0.50%,71.50%,7.66%,11.59%,0.88%,0.02%,"
				Active
			",Honduras,Tegucigalpa,Spanish,"8,598,561","$4,800 ","agriculture: 39.2%, industry: 20.9%, services: 39.8%",60.00%,85.10%,18.72 deaths,70.91 years
188,4,117 months,12359,"$11,306,475 ",Yes,"
				 23% PY							",2.90%,13.40%,10.34%,18.34%,0.33%,0.00%,"
				Active
			",Ecuador,Quito,Spanish,"15,654,411","$10,600 ","agriculture: 27.8%, industry: 17.8%, services: 54.4%",25.60%,91.60%,17.93 deaths,76.36 years
185,4,118 months,10636,"$11,530,400 ",Yes,"
				 37% PY							",17.10%,13.30%,17.97%,49.48%,0.52%,0.00%,"
				Active
			",Jordan,Amman,"Arabic (official), English","7,930,491","$6,100 ","agriculture: 2.7%, industry: 20%, services: 77.4%",14.20%,95.90%,15.73 deaths,74.1 years
171,4,127 months,14386,"$18,683,950 ",Yes,"
				 21% PY							",0.50%,160.50%,3.07%,14.78%,0.13%,2.18%,"
				Active
			",Kyrgyzstan,Bishkek,"Kyrgyz (official) 64.7%, Uzbek 13.6%, Russian (official) 12.5%","5,604,212","$2,500 ","agriculture: 48%, industry: 12.5%, services: 39.5%",33.70%,99.20%,28.71 deaths,70.06 years
156,4,133 months,57177,"$21,702,825 ",Yes,"
				 41% PY							",1.60%,49.60%,9.07%,21.26%,1.10%,0.62%,"
				Active
			",Kenya,Nairobi,"English (official), Kiswahili (official)","45,010,056","$1,800 ","agriculture: 75%, industry and services: 25%",43.40%,87.40%,40.71 deaths,63.52 years
100,4,157 months,28505,"$23,620,800 ",Yes,"
				 31% PY							",2.30%,113.20%,2.24%,5.06%,0.13%,1.11%,"
				Active
			",Tajikistan,Dushanbe,"Tajik (official), Russian","8,051,512","$2,700 ","agriculture: 46.5%, industry: 10.7%, services: 42.8%",47.20%,99.80%,35.03 deaths,67.14 years
65,4,157 months,28836,"$8,716,350 ",Yes,"
				 60% PY							",7.70%,31.00%,58.26%,62.53%,0.28%,0.40%,"
				Active
			",Uganda,Kampala,"English (official) Ganda,Luganda, other Niger-Congo languages, Nilo-Saharan languages, Swahili, Arabic","35,918,915","$1,800 ","agriculture: 82%, industry: 5%, services: 13%",19.50%,78.40%,60.82 deaths,58.02 years
63,4,164 months,27408,"$20,183,575 ",Yes,"
				 40% PY							",2.90%,72.10%,0.86%,2.52%,0.39%,1.31%,"
				Active
			",Tajikistan,Dushanbe,"Tajik (official), Russian","8,051,512","$2,700 ","agriculture: 46.5%, industry: 10.7%, services: 42.8%",47.20%,99.80%,35.03 deaths,67.14 years
59,4,163 months,47280,"$22,436,250 ",Yes,"
				 32% PY							",3.00%,20.20%,56.18%,58.09%,0.02%,0.00%,"
				Active
			",Bolivia,La Paz,Spanish,"10,631,486","$5,500 ","agriculture: 32%, industry: 27.4%, services: 40.6%",45.00%,91.20%,38.61 deaths,68.55 years
58,4,164 months,345245,"$81,080,125 ",Yes,"
				 40% PY							",1.50%,11.30%,3.29%,5.93%,0.47%,0.21%,"
				Active
			",Paraguay,Asuncion,"Spanish (official), Guarani (official)","6,703,860","$8,400 ","agriculture: 26.5%, industry: 18.5%, services: 55%",23.80%,93.90%,20.75 deaths,74.21 years
561,3.5,32 months,386,"$96,700 ",No,"
				 0% APR							",26.30%, N/A ,21.19%,65.05%,0.00%,0.00%,"
				Active
			",Malawi,Lilongwe,"English (official), Chichewa (common), Chinyanja, Chiyao, Chitumbuka, Chilomwe, Chinkhonde, Chingoni, Chisena, Chitonga, Chinyakyusa, Chilambya","17,377,468",$900 ,"agriculture: 90%, industry and services: 10%",53.00%,74.80%,48.01 deaths,59.99 years
499,3.5,50 months,5543,"$4,000,925 ",Yes,"
				 41% PY							",5.50%, N/A ,1.14%,2.49%,0.07%,0.05%,"
				Active
			",Cambodia,Phnom Penh,Khmer,"15,458,332","$2,600 ","agriculture: 55.8%, industry: 16.9%, services: 27.3%",20.00%,73.90%,51.36 deaths,63.78 years
483,3.5,51 months,825,"$253,900 ",No,"
				 0% APR							",26.30%, N/A ,5.79%,8.06%,0.00%,4.12%,"
				Active
			",Zambia,Lusaka,"Bembe 33.4%, Nyanja 14.7%, Tonga 11.4%, Lozi 5.5%, Chewa 4.5%, Nsenga 2.9%, Tumbuka 2.5%, Lunda 1.9%, Kaonde 1.8%, Lala 1.8%, Lamba 1.8%, English (official) 1.7%, Luvale 1.5%, Mambwe 1.3%, Namwanga 1.2%, Lenje 1.1%, Bisa 1%, other 9.2%, unspecified 0.4%","14,638,505","$4,100 ","agriculture: 85%, industry: 6%, services: 9%",60.50%,63.40%,66.62 deaths,55.83 years
458,3.5,64 months,1019,"$378,225 ",No,"
				 0% APR							",26.30%, N/A ,3.54%,12.34%,0.62%,0.16%,"
				Active
			",Ghana,Accra,"Asante 14.8%, Ewe 12.7%, Fante 9.9%, Boron (Brong) 4.6%, Dagomba 4.3%, Dangme 4.3%, Dagarte (Dagaba) 3.7%, Akyem 3.4%, Ga 3.4%, Akuapem 2.9%","25,758,108","$3,500 ","agriculture: 56%, industry: 15%, services: 29%",28.50%,71.50%,38.52 deaths,65.75 years
386,3.5,80 months,11547,"$4,850,925 ",Yes,"
				 40% PY							",1.00%, N/A ,24.65%,30.88%,0.52%,0.43%,"
				Active
			",Kenya,Nairobi,"English (official), Kiswahili (official)","45,010,056","$1,800 ","agriculture: 75%, industry and services: 25%",43.40%,87.40%,40.71 deaths,63.52 years
379,3.5,78 months,1192,"$489,225 ",No,"
				 0% APR							",26.30%, N/A ,100.00%,100.00%,6.84%,0.84%,"
				Active
			",Tanzania,Dodoma,"Kiswahili (official), Kiunguja, English (official), Arabic, many local languages","49,639,138","$1,900 ","agriculture: 80%, industry and services: 20%",28.20%,70.60%,43.47 deaths,60.07 years
305,3.5,90 months,5015,"$2,072,500 ",No,"
				 0% APR							",26.30%, N/A ,98.59%,98.59%,0.13%,0.00%,"
				Active
			",Zimbabwe,Harare,"Shona (official), Ndebele (official), English (official), 13 minority languages","13,771,721","$2,000 ","agriculture: 66%, industry: 10%, services: 24%",72.30%,86.50%,26.55 deaths,55.95 years
298,3.5,92 months,244,"$1,404,125 ",Yes,"
				 5% APR							",4.90%, N/A ,8.42%,61.29%,31.89%  (See note),2.00%,"
				Active
			",Dominican Republic,Santo Domingo,Spanish,"10,349,741","$9,700 ","agriculture: 14.6%, industry: 22.3%, services: 63.1%",34.40%,90.10%,19.63 deaths,77.8 years
243,3.5,104 months,8815,"$7,075,550 ",Yes,"
				 28% PY							",10.00%,11.00%,2.21%,3.13%,0.29%,0.00%,"
				Active
			",Timor-Leste,Dili,"Tetum (official), Portuguese (official), Indonesian, English","1,201,542","$6,800 ","agriculture: 64%, industry: 10%, services: 26%",49.90%,67.50%,38.79 deaths,66.49 years
200,Inactive,113 months,42,"$372,500 ",Yes,"
				 9% PY							",0.30%,17.80%,0.00%,0.00%,31.71%,0.00%,"
				Inactive
			",United States,Washington DC,"English (offical) 79.2%, Spanish 12.9%, other Indo-European 3.8%, Asian and Pacific island 3.3%, other 0.9%","318,892,103","$54,800 ","farming, forestry, and fishing: 0.7%, manufacturing, extraction, transportation, and crafts: 20.3%, managerial, professional, and technical: 37.3%, sales and office: 24.2%, other services: 17.6%",,99%,6.17 deaths,78.64 years
169,Inactive,128 months,7949,"$13,517,425 ",Yes,"
				 N/A 							",0.70%,27.30%,34.42%,82.57%,0.03%,0.15%,"
				Inactive
			",Armenia,Yerevan,Armenian,"3,060,631","$6,300 ","agriculture: 44.2%, industry: 16.8%, services: 39%",35.80%,99.60%,13.97 deaths,74.12 years
167,3.5,129 months,19857,"$11,403,900 ",Yes,"
				 33% PY							",2.10%,32.10%,12.64%,27.89%,1.68%,0.00%,"
				Active
			",El Salvador,San Salvador,Spanish,"6,125,512","$7,500 ","agriculture: 21%, industry: 20%, services: 58%",36.50%,84.50%,18.44 deaths,74.18 years
159,3.5,132 months,5174,"$4,210,375 ",Yes,"
				 15% PY							",1.20%,91.80%,0.00%,0.00%,0.27%,0.00%,"
				Active
			",Ecuador,Quito,Spanish,"15,654,411","$10,600 ","agriculture: 27.8%, industry: 17.8%, services: 54.4%",25.60%,91.60%,17.93 deaths,76.36 years
140,3.5,139 months,2791,"$4,686,675 ",Yes,"
				 19% PY							",0.60%,232.80%,44.83%,92.33%,1.26%,0.00%,"
				Active
			",Bolivia,La Paz,Spanish,"10,631,486","$5,500 ","agriculture: 32%, industry: 27.4%, services: 40.6%",45.00%,91.20%,38.61 deaths,68.55 years
127,3.5,144 months,2289,"$3,192,150 ",Yes,"
				 16% PY							",2.10%,21.66%,0.00%,0.00%,0.00%,0.07%,"
				Active
			",Costa Rica,San Jose,Spanish,"4,755,234","$12,900 ","agriculture: 14%, industry: 22%, services: 64%",24.80%,96.30%,8.7 deaths,78.23 years
118,3.5,151 months,10608,"$5,937,575 ",Yes,"
				 43% PY							",2.60%,40.60%,9.58%,12.61%,1.28%,0.01%,"
				Active
			",Honduras,Tegucigalpa,Spanish,"8,598,561","$4,800 ","agriculture: 39.2%, industry: 20.9%, services: 39.8%",60.00%,85.10%,18.72 deaths,70.91 years
105,3.5,155 months,96516,"$24,295,225 ",Yes,"
				 20% PY							",1.40%,14.20%,1.46%,2.57%,0.00%,0.22%,"
				Active
			",Senegal,Dakar,"French (official), Wolof, Pulaar, Jola, Mandinka","13,635,927","$2,300 ","agriculture: 77.5%, industry and services: 22.5%",46.70%,57.70%,52.72 deaths,74.54 years
81,Inactive,158 months,19246,"$11,428,500 ",Yes,"
				 25% PY							",1.80%,53.80%,0.00%,0.00%,3.46%,0.00%,"
				Inactive
			",El Salvador,San Salvador,Spanish,"6,125,512","$7,500 ","agriculture: 21%, industry: 20%, services: 58%",36.50%,84.50%,18.44 deaths,74.18 years
80,3.5,140 months,15151,"$26,226,700 ",Yes,"
				 15% PY							",1.40%,129.30%,18.52%,55.40%,0.24%,0.00%,"
				Active
			",Palestine,,,"2,731,052","$4,900 ","agriculture: 11.5%, industry: 34.4%, services: 54.1%",,, deaths,77.16 years
15,3.5,174 months,22738,"$15,843,800 ",Yes,"
				 45% PY							",5.20%,10.60%,18.46%,83.24%,0.38%,0.01%,"
				Active
			",Samoa,Apia,"Samoan (Polynesian) (official), English","196,628","$5,200 ","agriculture: 65%, industry: NA%, services: NA%",,99%,20.5 deaths,83.32 years
549,3,36 months,2243,"$2,474,125 ",Yes,"
				 56% APR							",9.00%, N/A ,8.61%,11.36%,0.00%,0.00%,"
				Active
			",Tonga,Nukualofa,"Tongan (official), English (official), other 1.1%, uspecified 0.03%","106,440","$5,000 ","agriculture: 31.8%, industry: 30.6%, services: 2,003%",,99.40%,12.36 deaths,72.34 years
484,3,54 months,2008,"$1,921,925 ",Yes,"
				 31% APR							",0.40%, N/A ,3.82%,3.87%,0.25%,0.00%,"
				Active
			",Peru,Lima,"Spanish (official) 84.1%, Quechua (official) 13%, Aymara (official) 1.7%, Ashaninka 0.3%, other native languages 0.7%, other 0.2%","30,147,935","$12,000 ","agriculture: 25.8%, industry: 17.4%, services: 56.8%",23.90%,94.50%,20.21 deaths,68.39 years
398,3,79 months,8966,"$3,334,450 ",Yes,"
				 29% PY							",4.40%, N/A ,4.64%,5.81%,0.00%,0.04%,"
				Active
			",Burkina Faso,Ouagadougou,French,"18,365,123","$1,500 ","agriculture: 90%, industry and services: 10%",46.70%,28.70%,76.8 deaths,54.78 years
334,Inactive,87 months,3389,"$799,975 ",Yes,"
				 22% PY							",2.80%, N/A ,N/A (See note),,N/A  (See note),,"
				Inactive
			",India,New Delhi,"English (official), Hindi 41%, Bengali 8.1%, Telugu 7.2%, Marathi 7%, Tamil 5.9%, Urdu 5%, Gujarati 4.5%, Kannada 3.7%, Malayalam 3.2%, Oriya 3.2%, Punjabi 2.8%, Assamese 1.3%, Maithili 1.2%, other 5.9%","1,236,344,631","$4,000 ","agriculture: 49%, industry: 20%, services: 31%",29.80%,62.80%,43.19 deaths,67.8 years
288,3,95 months,17192,"$3,390,300 ",Yes,"
				 18% APR							",-1.40%, N/A ,0.00%,0.00%,0.00%,6.17%,"
				Active
			",Nigeria,Abuja,"English (official), Hausa, Yoruba, Igbo, Fulani, over 500 additional indigenous languages","17,466,172","$6,100 ","agriculture: 70%, industry: 10%, services: 20%",46.00%,59.60%,74.09 deaths,N/A years
239,3,105 months,4606,"$6,470,150 ",Yes,"
				 31% PY							",3.40%,19.50%,1.99%,9.29%,0.87%,0.52%,"
				Active
			",Albania,Tirana,Albanian,"3,020,209","$10,700 ","agriculture: 54.6%, industry: 12.8%, services: 32.6%",14.30%,96.80%,13.19 deaths,77.96 years
231,3,105 months,21736,"$6,305,700 ",Yes,"
				 48% PY							",11.40%,11.00%,10.10%,13.75%,0.13%,1.18%,"
				Active
			",Ghana,Accra,"Asante 14.8%, Ewe 12.7%, Fante 9.9%, Boron (Brong) 4.6%, Dagomba 4.3%, Dangme 4.3%, Dagarte (Dagaba) 3.7%, Akyem 3.4%, Ga 3.4%, Akuapem 2.9%","25,758,108","$3,500 ","agriculture: 56%, industry: 15%, services: 29%",28.50%,71.50%,38.52 deaths,65.75 years
222,3,105 months,24511,"$11,134,150 ",Yes,"
				 51% PY							",1.60%,162.00%,31.43%,48.43%,0.70%,0.44%,"
				Active
			",Uganda,Kampala,"English (official) Ganda,Luganda, other Niger-Congo languages, Nilo-Saharan languages, Swahili, Arabic","35,918,915","$1,800 ","agriculture: 82%, industry: 5%, services: 13%",19.50%,78.40%,60.82 deaths,58.02 years
218,Inactive,108 months,84,"$762,675 ",Yes,"
				 4% APR							",2.80%, N/A ,24.58%,62.90%,1.89%,1.42%,"
				Inactive
			",Kenya,Nairobi,"English (official), Kiswahili (official)","45,010,056","$1,800 ","agriculture: 75%, industry and services: 25%",43.40%,87.40%,40.71 deaths,63.52 years
183,3,118 months,9135,"$3,095,250 ",Yes,"
				 53% PY							",16.80%,35.30%,7.73%,8.41%,0.52%,0.74%,"
				Active
			",Sierra Leone,Freetown,"English (official), Mende, Temne, Krio","5,743,725","$2,100 ",,52.90%,48.10%,73.29 deaths,81.74 years
182,3,118 months,18633,"$5,698,525 ",Yes,"
				 61% PY							",15.10%,63.40%,7.69%,8.42%,0.17%,2.15%,"
				Active
			",Liberia,Monrovia,English 20% (official),"4,092,310",$700 ,"agriculture: 70%, industry: 8%, services: 22%",80.00%,60.80%,69.19 deaths,58.21 years
177,3,122 months,34451,"$20,210,350 ",Yes,"
				 33% PY							",3.30%,24.90%,15.94%,39.02%,8.41%,2.92%,"
				Active
			",Colombia,Bogota,Spanish,"46,245,297","$11,100 ","agriculture: 17%, industry: 21%, services: 62%",32.70%,93.60%,15.02 deaths,75.25 years
176,3,122 months,11475,"$8,969,000 ",Yes,"
				 38% PY							",0.00%,95.40%,2.96%,4.40%,0.79%,0.00%,"
				Active
			",Nicaragua,Managua,"Spanish (official) 95.3%, Miskito 2.2%, Mestizo of the Caribbean coast 2%, other 0.5%","5,848,641","$4,800 ","agriculture: 31%, industry: 18%, services: 50%",42.50%,82.90%,20.36 deaths,57.48 years
154,3,134 months,14359,"$8,708,825 ",Yes,"
				 40% PY							",-0.90%,20.50%,13.44%,24.82%,8.35%,1.30%,"
				Active
			",Colombia,Bogota,Spanish,"46,245,297","$11,100 ","agriculture: 17%, industry: 21%, services: 62%",32.70%,93.60%,15.02 deaths,75.25 years
136,Inactive,141 months,21330,"$6,245,775 ",Yes,"
				 25% PY							",75.40%,9.80%,99.66%,100.00%,0.01%,0.04%,"
				Paused
			",Philippines,Manila,"Filipino (official) and English (official); eight major dialects - Tagalog, Cebuano, Ilocano, Hiligaynon or Ilonggo, Bicol, Waray, Pampango, and Pangasinan","107,668,231","$7,000 ","agriculture: 32%, industry: 15%, services: 53%",25.20%,96.30%,17.64 deaths,N/A years
131,Inactive,140 months,897,"$4,093,425 ",Yes,"
				 11% PY							",1.80%,13.80%,0.00%,0.00%,11.77%,0.00%,"
				Inactive
			",United States,Washington DC,"English (offical) 79.2%, Spanish 12.9%, other Indo-European 3.8%, Asian and Pacific island 3.3%, other 0.9%","318,892,103","$54,800 ","farming, forestry, and fishing: 0.7%, manufacturing, extraction, transportation, and crafts: 20.3%, managerial, professional, and technical: 37.3%, sales and office: 24.2%, other services: 17.6%",,99%,6.17 deaths,78.64 years
130,Inactive,140 months,26588,"$11,999,450 ",Yes,"
				 56% PY							",-0.20%,3.70%,0.00%,0.00%,0.36%,0.19%,"
				Inactive
			",Mexico,Mexico City,"Spanish 92.7%, other indigenous languages 5.7%","120,286,655","$15,600 ","agriculture: 13.4%, industry: 24.1%, services: 61.9%",52.30%,93.50%,12.58 deaths,75.43 years
125,3,147 months,40836,"$10,827,675 ",Yes,"
				 60% PY							",9.10%,6.20%,24.10%,25.50%,0.62%,0.00%,"
				Active
			",Philippines,Manila,"Filipino (official) and English (official); eight major dialects - Tagalog, Cebuano, Ilocano, Hiligaynon or Ilonggo, Bicol, Waray, Pampango, and Pangasinan","107,668,231","$7,000 ","agriculture: 32%, industry: 15%, services: 53%",25.20%,96.30%,17.64 deaths,N/A years
119,3,149 months,95649,"$42,284,925 ",Yes,"
				 36% PY							",-1.00%,12.80%,100.00%,100.00%,0.03%,0.00%,"
				Active
			",Peru,Lima,"Spanish (official) 84.1%, Quechua (official) 13%, Aymara (official) 1.7%, Ashaninka 0.3%, other native languages 0.7%, other 0.2%","30,147,935","$12,000 ","agriculture: 25.8%, industry: 17.4%, services: 56.8%",23.90%,94.50%,20.21 deaths,68.39 years
23,3,171 months,8845,"$4,787,400 ",Yes,"
				 50% PY							",1.40%,97.60%,13.44%,67.26%,0.32%,3.85%,"
				Active
			",Mozambique,Maputo,"Emakhuwa 25.3%, Portuguese (official) 10.7%, Xichangana 10.3%, Cisena 7.5%, Elomwe 7%, Echuwabo 5.1%","24,692,144","$1,200 ","agriculture: 81%, industry: 6%, services: 13%",52.00%,56.10%,72.42 deaths,52.6 years
606,2.5,11 months,143,"$72,350 ",Yes,"
				 N/A 							",8.30%, N/A ,4.81%,22.84%,0.00%,0.00%,"
				Active
			",Uganda,Kampala,"English (official) Ganda,Luganda, other Niger-Congo languages, Nilo-Saharan languages, Swahili, Arabic","35,918,915","$1,800 ","agriculture: 82%, industry: 5%, services: 13%",19.50%,78.40%,60.82 deaths,58.02 years
590,2.5,26 months,3099,"$1,057,800 ",Yes,"
				 N/A 							",4.30%, N/A ,0.64%,0.82%,0.09%,0.00%,"
				Active
			",Nicaragua,Managua,"Spanish (official) 95.3%, Miskito 2.2%, Mestizo of the Caribbean coast 2%, other 0.5%","5,848,641","$4,800 ","agriculture: 31%, industry: 18%, services: 50%",42.50%,82.90%,20.36 deaths,57.48 years
562,2.5,35 months,3058,"$2,322,000 ",Yes,"
				 53% PY							",9.70%, N/A ,40.17%,48.92%,0.00%,0.00%,"
				Active
			",Fiji,Suva,"English (official), Fijian (official), Hindustani","903,207","$4,900 ","agriculture: 70%, industry and services: 30%",31.00%,93.70%,10.2 deaths,72.15 years
493,2.5,49 months,143,"$1,117,125 ",No,"
				 0% APR							",-30.60%, N/A ,3.86%,22.06%,0.00%,0.01%,"
				Active
			",Uganda,Kampala,"English (official) Ganda,Luganda, other Niger-Congo languages, Nilo-Saharan languages, Swahili, Arabic","35,918,915","$1,800 ","agriculture: 82%, industry: 5%, services: 13%",19.50%,78.40%,60.82 deaths,58.02 years
457,2.5,66 months,2129,"$1,878,075 ",Yes,"
				 17% PY							",0.20%, N/A ,32.44%,58.55%,0.03%,0.00%,"
				Active
			",Ecuador,Quito,Spanish,"15,654,411","$10,600 ","agriculture: 27.8%, industry: 17.8%, services: 54.4%",25.60%,91.60%,17.93 deaths,76.36 years
454,2.5,67 months,1302,"$1,935,325 ",Yes,"
				 31% APR							",7.90%, N/A ,0.35%,4.61%,0.76%,0.00%,"
				Active
			",Moldova,Chisinau,"Moldovan 58.8% (official), Romanian 16.4%, Russian 16%","3,583,288","$3,800 ","agriculture: 26.4%, industry: 13.2%, services: 60.4%",21.90%,99%,12.93 deaths,70.12 years
428,2.5,74 months,20922,"$7,027,375 ",Yes,"
				 28% APR							",-1.90%, N/A ,62.17%,100.00%,0.00%,0.17%,"
				Active
			",India,New Delhi,"English (official), Hindi 41%, Bengali 8.1%, Telugu 7.2%, Marathi 7%, Tamil 5.9%, Urdu 5%, Gujarati 4.5%, Kannada 3.7%, Malayalam 3.2%, Oriya 3.2%, Punjabi 2.8%, Assamese 1.3%, Maithili 1.2%, other 5.9%","1,236,344,631","$4,000 ","agriculture: 49%, industry: 20%, services: 31%",29.80%,62.80%,43.19 deaths,67.8 years
416,Inactive,78 months,13834,"$4,155,250 ",Yes,"
				 29% PY							",4.40%, N/A ,0.00%,0.00%,0.00%,1.19%,"
				Inactive
			",Myanmar (Burma),Yangon,Burmese,"55,746,253","$1,700 ","agriculture: 70%, industry: 7%, services: 23%",32.70%,92.70%,44.91 deaths,65.94 years
412,2.5,76 months,47,"$430,050 ",Yes,"
				 0% APR							",8.80%, N/A ,83.05%,100.00%,0.00%,0.00%,"
				Active
			",United States,Washington DC,"English (offical) 79.2%, Spanish 12.9%, other Indo-European 3.8%, Asian and Pacific island 3.3%, other 0.9%","318,892,103","$54,800 ","farming, forestry, and fishing: 0.7%, manufacturing, extraction, transportation, and crafts: 20.3%, managerial, professional, and technical: 37.3%, sales and office: 24.2%, other services: 17.6%",,99%,6.17 deaths,78.64 years
406,2.5,78 months,7722,"$3,259,425 ",Yes,"
				 23% APR							",3.10%, N/A ,8.14%,35.55%,0.21%,0.09%,"
				Active
			",Indonesia,Jakarta,"Bahasa (official, modified form of Malay), English, Dutch","253,609,643","$5,200 ","agriculture: 38.9%, industry: 13.2%, services: 47.9%",11.70%,92.80%,25.16 deaths,72.17 years
363,2.5,82 months,7151,"$3,432,850 ",Yes,"
				 26% APR							",2.10%, N/A ,100.00%,100.00%,0.16%,0.00%,"
				Active
			",Vietnam,Hanoi,"Vietnamese (official), English, some French, Chinese, and Khmer, Mon-Khmer, Malayo-Polynesian","93,421,835","$5,600 ","agriculture: 48%, industry: 21%, services: 31%",17.20%,94.50%,18.99 deaths,75.46 years
242,Inactive,102 months,4006,"$1,051,425 ",Yes,"
				 8% PY							",1.70%,8.30%,N/A (See note),,N/A  (See note),,"
				Paused
			",India,New Delhi,"English (official), Hindi 41%, Bengali 8.1%, Telugu 7.2%, Marathi 7%, Tamil 5.9%, Urdu 5%, Gujarati 4.5%, Kannada 3.7%, Malayalam 3.2%, Oriya 3.2%, Punjabi 2.8%, Assamese 1.3%, Maithili 1.2%, other 5.9%","1,236,344,631","$4,000 ","agriculture: 49%, industry: 20%, services: 31%",29.80%,62.80%,43.19 deaths,67.8 years
229,2.5,102 months,25,"$297,350 ",No,"
				 0% APR							",0.30%, N/A ,0.00%,0.00%,0.00%,0.00%,"
				Active
			",Haiti,Port-au-Prince,"French (official), Creole (official)","9,996,731","$1,300 ","agriculture: 38.1%, industry: 11.5%, services: 50.4%",80.00%,48.70%,49.43 deaths,63.18 years
163,2.5,131 months,48051,"$15,029,975 ",Yes,"
				 47% PY							",1.00%,66.70%,31.72%,45.79%,0.61%,0.65%,"
				Active
			",Uganda,Kampala,"English (official) Ganda,Luganda, other Niger-Congo languages, Nilo-Saharan languages, Swahili, Arabic","35,918,915","$1,800 ","agriculture: 82%, industry: 5%, services: 13%",19.50%,78.40%,60.82 deaths,58.02 years
161,2.5,128 months,109500,"$31,833,600 ",Yes,"
				 31% PY							",-1.70%,57.00%,3.34%,7.09%,0.46%,0.04%,"
				Active
			",Rwanda,Kigali,"Kinyarwanda only (official) 93.2%, Kinyarwanda and other language(s) 6.2%, French (official) and other language(s) 0.1%, English (official) and other language(s) 0.1%, Swahili 0.02%, other 0.03%, unspecified 0.3%","12,337,138","$1,700 ","agriculture: 90%, industry and services: 10%",44.90%,70.50%,59.59 deaths,N/A years
150,2.5,136 months,3437,"$3,105,025 ",Yes,"
				 17% PY							",0.30%,14.30%,5.13%,31.36%,0.06%,0.19%,"
				Active
			",Costa Rica,San Jose,Spanish,"4,755,234","$12,900 ","agriculture: 14%, industry: 22%, services: 64%",24.80%,96.30%,8.7 deaths,78.23 years
138,Inactive,139 months,22994,"$9,626,500 ",Yes,"
				 28% PY							",-1.20%,40.10%,100.00%,100.00%,1.78%,0.15%,"
				Paused
			",Kenya,Nairobi,"English (official), Kiswahili (official)","45,010,056","$1,800 ","agriculture: 75%, industry and services: 25%",43.40%,87.40%,40.71 deaths,63.52 years
123,2.5,147 months,45169,"$18,416,350 ",Yes,"
				 21% PY							",3.60%,15.90%,72.80%,94.75%,0.35%,0.00%,"
				Active
			",Philippines,Manila,"Filipino (official) and English (official); eight major dialects - Tagalog, Cebuano, Ilocano, Hiligaynon or Ilonggo, Bicol, Waray, Pampango, and Pangasinan","107,668,231","$7,000 ","agriculture: 32%, industry: 15%, services: 53%",25.20%,96.30%,17.64 deaths,N/A years
121,2.5,147 months,29394,"$19,256,675 ",Yes,"
				 19% PY							",1.20%,10.30%,0.19%,0.24%,0.00%,0.00%,"
				Active
			",Vietnam,Hanoi,"Vietnamese (official), English, some French, Chinese, and Khmer, Mon-Khmer, Malayo-Polynesian","93,421,835","$5,600 ","agriculture: 48%, industry: 21%, services: 31%",17.20%,94.50%,18.99 deaths,75.46 years
61,2.5,164 months,5919,"$4,184,525 ",Yes,"
				 22% PY							",2.10%,115.50%,0.00%,0.00%,0.00%,0.00%,"
				Active
			",Cambodia,Phnom Penh,Khmer,"15,458,332","$2,600 ","agriculture: 55.8%, industry: 16.9%, services: 27.3%",20.00%,73.90%,51.36 deaths,63.78 years
55,2.5,165 months,28043,"$13,036,750 ",Yes,"
				 54% PY							",3.60%,8.50%,4.78%,7.60%,0.57%,0.00%,"
				Active
			",Guatemala,Guatemala City,"Spanish (official) 60%, Amerindian languages 40%","14,647,083","$5,300 ","agriculture: 38%, industry: 14%, services: 48%",54.00%,75.90%,23.51 deaths,71.74 years
48,2.5,166 months,7888,"$6,147,200 ",Yes,"
				 20% PY							",0.90%,51.60%,90.26%,100.00%,0.03%,0.00%,"
				Active
			",Bolivia,La Paz,Spanish,"10,631,486","$5,500 ","agriculture: 32%, industry: 27.4%, services: 40.6%",45.00%,91.20%,38.61 deaths,68.55 years
44,2.5,168 months,33992,"$9,387,100 ",Yes,"
				 39% PY							",5.40%,5.30%,17.84%,20.22%,0.90%,0.08%,"
				Active
			",Dominican Republic,Santo Domingo,Spanish,"10,349,741","$9,700 ","agriculture: 14.6%, industry: 22.3%, services: 63.1%",34.40%,90.10%,19.63 deaths,77.8 years
609,2,9 months,8,"$600,000 ",Yes,"
				 N/A 							",-6.20%, N/A ,0.00%,0.00%,0.00%,0.00%,"
				Active
			",Namibia,Windhoek,"Oshiwambo languages 48.9%, Nama/Damara 11.3%, Afrikaans 10.4%, Otjiherero languages 8.6%, Kavango languages 8.5%, Caprivi languages 4.8%, English (official) 3.4%, other African languages 2.3%, other 1.7%","2,198,406","$10,800 ","agriculture: 16.3%, industry: 22.4%, services: 61.3%",28.70%,81.90%,45.64 deaths,63.28 years
607,2,11 months,1676,"$589,650 ",Yes,"
				 N/A 							",-1.80%, N/A ,0.00%,0.00%,0.00%,0.00%,"
				Active
			",Nicaragua,Managua,"Spanish (official) 95.3%, Miskito 2.2%, Mestizo of the Caribbean coast 2%, other 0.5%","5,848,641","$4,800 ","agriculture: 31%, industry: 18%, services: 50%",42.50%,82.90%,20.36 deaths,57.48 years
596,2,17 months,6352,"$938,500 ",Yes,"
				 N/A 							",-37.20%, N/A ,34.48%,34.48%,21.75%,0.00%,"
				Active
			",Kenya,Nairobi,"English (official), Kiswahili (official)","45,010,056","$1,800 ","agriculture: 75%, industry and services: 25%",43.40%,87.40%,40.71 deaths,63.52 years
554,2,35 months,3412,"$1,693,150 ",Yes,"
				 44% APR							",1.90%, N/A ,10.81%,14.16%,0.00%,0.00%,"
				Active
			",Peru,Lima,"Spanish (official) 84.1%, Quechua (official) 13%, Aymara (official) 1.7%, Ashaninka 0.3%, other native languages 0.7%, other 0.2%","30,147,935","$12,000 ","agriculture: 25.8%, industry: 17.4%, services: 56.8%",23.90%,94.50%,20.21 deaths,68.39 years
538,2,42 months,476,"$164,700 ",Yes,"
				 28% APR							",4.20%, N/A ,78.55%,78.55%,5.50%,1.73%,"
				Active
			",Ghana,Accra,"Asante 14.8%, Ewe 12.7%, Fante 9.9%, Boron (Brong) 4.6%, Dagomba 4.3%, Dangme 4.3%, Dagarte (Dagaba) 3.7%, Akyem 3.4%, Ga 3.4%, Akuapem 2.9%","25,758,108","$3,500 ","agriculture: 56%, industry: 15%, services: 29%",28.50%,71.50%,38.52 deaths,65.75 years
537,2,39 months,1267,"$937,075 ",Yes,"
				 78% APR							",5.50%, N/A ,3.58%,5.99%,1.62%,0.23%,"
				Active
			",Ghana,Accra,"Asante 14.8%, Ewe 12.7%, Fante 9.9%, Boron (Brong) 4.6%, Dagomba 4.3%, Dangme 4.3%, Dagarte (Dagaba) 3.7%, Akyem 3.4%, Ga 3.4%, Akuapem 2.9%","25,758,108","$3,500 ","agriculture: 56%, industry: 15%, services: 29%",28.50%,71.50%,38.52 deaths,65.75 years
527,2,44 months,2360,"$1,581,675 ",Yes,"
				 35% APR							",0.00%, N/A ,9.17%,12.52%,0.92%,0.00%,"
				Active
			",Bolivia,La Paz,Spanish,"10,631,486","$5,500 ","agriculture: 32%, industry: 27.4%, services: 40.6%",45.00%,91.20%,38.61 deaths,68.55 years
507,2,49 months,3761,"$1,163,025 ",Yes,"
				 29% APR							",5.70%, N/A ,1.14%,1.50%,0.00%,0.00%,"
				Active
			",Nicaragua,Managua,"Spanish (official) 95.3%, Miskito 2.2%, Mestizo of the Caribbean coast 2%, other 0.5%","5,848,641","$4,800 ","agriculture: 31%, industry: 18%, services: 50%",42.50%,82.90%,20.36 deaths,57.48 years
468,2,55 months,218,"$479,750 ",Yes,"
				 10% APR							",4.20%, N/A ,8.02%,8.02%,1.50%,0.93%,"
				Active
			",Mozambique,Maputo,"Emakhuwa 25.3%, Portuguese (official) 10.7%, Xichangana 10.3%, Cisena 7.5%, Elomwe 7%, Echuwabo 5.1%","24,692,144","$1,200 ","agriculture: 81%, industry: 6%, services: 13%",52.00%,56.10%,72.42 deaths,52.6 years
459,2,64 months,103,"$299,275 ",Yes,"
				 N/A 							",0.70%, N/A ,0.05%,0.70%,0.93%,0.35%,"
				Active
			",Mexico,Mexico City,"Spanish 92.7%, other indigenous languages 5.7%","120,286,655","$15,600 ","agriculture: 13.4%, industry: 24.1%, services: 61.9%",52.30%,93.50%,12.58 deaths,75.43 years
438,2,73 months,23876,"$6,942,025 ",Yes,"
				 26% PY							",-4.90%, N/A ,5.63%,5.63%,1.84%,0.00%,"
				Active
			",Mali,Bamako,"French (official), Bambara 46.3%","16,455,903","$1,100 ","agriculture: 80%, industry and services: 20%",36.10%,33.40%,104.34 deaths,54.95 years
413,2,76 months,410,"$1,076,075 ",Yes,"
				 18% APR							",7.60%, N/A ,1.88%,9.63%,0.00%,0.15%,"
				Active
			",Moldova,Chisinau,"Moldovan 58.8% (official), Romanian 16.4%, Russian 16%","3,583,288","$3,800 ","agriculture: 26.4%, industry: 13.2%, services: 60.4%",21.90%,99%,12.93 deaths,70.12 years
395,2,79 months,152,"$914,750 ",Yes,"
				 6% APR							",7.70%, N/A ,0.03%,1.74%,0.00%,0.00%,"
				Active
			",United States,Washington DC,"English (offical) 79.2%, Spanish 12.9%, other Indo-European 3.8%, Asian and Pacific island 3.3%, other 0.9%","318,892,103","$54,800 ","farming, forestry, and fishing: 0.7%, manufacturing, extraction, transportation, and crafts: 20.3%, managerial, professional, and technical: 37.3%, sales and office: 24.2%, other services: 17.6%",,99%,6.17 deaths,78.64 years
394,2,80 months,4359,"$2,450,600 ",Yes,"
				 19% APR							",3.10%, N/A ,0.06%,0.25%,0.06%,0.00%,"
				Active
			",Vietnam,Hanoi,"Vietnamese (official), English, some French, Chinese, and Khmer, Mon-Khmer, Malayo-Polynesian","93,421,835","$5,600 ","agriculture: 48%, industry: 21%, services: 31%",17.20%,94.50%,18.99 deaths,75.46 years
342,2,86 months,8656,"$2,634,425 ",Yes,"
				 19% PY							",0.30%, N/A ,0.41%,2.01%,0.04%,0.00%,"
				Active
			",Vietnam,Hanoi,"Vietnamese (official), English, some French, Chinese, and Khmer, Mon-Khmer, Malayo-Polynesian","93,421,835","$5,600 ","agriculture: 48%, industry: 21%, services: 31%",17.20%,94.50%,18.99 deaths,75.46 years
319,2,90 months,1611,"$2,118,825 ",Yes,"
				 9% APR							",1.90%, N/A ,5.36%,16.72%,5.33%,0.01%,"
				Active
			",Rwanda,Kigali,"Kinyarwanda only (official) 93.2%, Kinyarwanda and other language(s) 6.2%, French (official) and other language(s) 0.1%, English (official) and other language(s) 0.1%, Swahili 0.02%, other 0.03%, unspecified 0.3%","12,337,138","$1,700 ","agriculture: 90%, industry and services: 10%",44.90%,70.50%,59.59 deaths,N/A years
311,2,84 months,98087,"$4,555,350 ",Yes,"
				 28% APR							",0.30%, N/A ,6.06%,6.33%,0.50%,0.00%,"
				Active
			",Cambodia,Phnom Penh,Khmer,"15,458,332","$2,600 ","agriculture: 55.8%, industry: 16.9%, services: 27.3%",20.00%,73.90%,51.36 deaths,63.78 years
300,Inactive,91 months,279,"$692,550 ",Yes,"
				 14% PY							",5.90%, N/A ,100.00%,100.00%,2.96%,6.85%,"
				Paused
			",Suriname,Paramaribo,"Dutch (official), English, Sranang Tongo, Caribbean Hindustani, Javanese","573,311","$16,700 ","agriculture: 8%, industry: 14%, services: 78%",,95.60%,27.07 deaths,70.58 years
296,2,91 months,14597,"$4,080,825 ",Yes,"
				 12% PY							",-2.10%, N/A ,1.25%,1.31%,0.02%,0.00%,"
				Active
			",Togo,Lome,"French (official), Ewe, Mina, Kabye and Dagomba","7,351,374","$1,500 ","agriculture: 65%, industry: 5%, services: 30%",58.70%,66.50%,46.73 deaths,55.81 years
246,2,101 months,13329,"$6,169,875 ",Yes,"
				 51% PY							",1.10%,36.20%,15.50%,19.09%,1.23%,0.00%,"
				Active
			",Guatemala,Guatemala City,"Spanish (official) 60%, Amerindian languages 40%","14,647,083","$5,300 ","agriculture: 38%, industry: 14%, services: 48%",54.00%,75.90%,23.51 deaths,71.74 years
228,Inactive,103 months,108,"$691,350 ",Yes,"
				 10% PY							",-1.40%,73.40%,0.00%,0.00%,24.92%,0.00%,"
				Inactive
			",United States,Washington DC,"English (offical) 79.2%, Spanish 12.9%, other Indo-European 3.8%, Asian and Pacific island 3.3%, other 0.9%","318,892,103","$54,800 ","farming, forestry, and fishing: 0.7%, manufacturing, extraction, transportation, and crafts: 20.3%, managerial, professional, and technical: 37.3%, sales and office: 24.2%, other services: 17.6%",,99%,6.17 deaths,78.64 years
225,2,104 months,1303,"$2,217,425 ",No,"
				 0% APR							",-12.50%, N/A ,0.92%,0.92%,0.00%,0.00%,"
				Active
			",Nicaragua,Managua,"Spanish (official) 95.3%, Miskito 2.2%, Mestizo of the Caribbean coast 2%, other 0.5%","5,848,641","$4,800 ","agriculture: 31%, industry: 18%, services: 50%",42.50%,82.90%,20.36 deaths,57.48 years
217,2,106 months,3963,"$1,725,525 ",Yes,"
				 27% PY							",3.10%,210.10%,15.33%,19.49%,3.78%,0.21%,"
				Active
			",Cameroon,Yaounde,"24 major African language groups, English (official), French (official)","23,130,708","$2,400 ","agriculture: 70%, industry: 13%, services: 17%",48.00%,71.30%,55.1 deaths,57.35 years
186,Inactive,118 months,10,"$29,000 ",Yes,"
				 N/A 							", N/A , N/A ,0.00%,0.00%,0.00%,0.00%,"
				Inactive
			",United States,Washington DC,"English (offical) 79.2%, Spanish 12.9%, other Indo-European 3.8%, Asian and Pacific island 3.3%, other 0.9%","318,892,103","$54,800 ","farming, forestry, and fishing: 0.7%, manufacturing, extraction, transportation, and crafts: 20.3%, managerial, professional, and technical: 37.3%, sales and office: 24.2%, other services: 17.6%",,99%,6.17 deaths,78.64 years
173,Inactive,124 months,387,"$2,066,775 ",Yes,"
				 23% PY							",2.40%,33.80%,0.00%,0.00%,19.40%,0.00%,"
				Inactive
			",United States,Washington DC,"English (offical) 79.2%, Spanish 12.9%, other Indo-European 3.8%, Asian and Pacific island 3.3%, other 0.9%","318,892,103","$54,800 ","farming, forestry, and fishing: 0.7%, manufacturing, extraction, transportation, and crafts: 20.3%, managerial, professional, and technical: 37.3%, sales and office: 24.2%, other services: 17.6%",,99%,6.17 deaths,78.64 years
160,2,131 months,106924,"$23,984,425 ",Yes,"
				 37% PY							",2.40%,41.90%,1.13%,1.24%,0.26%,0.00%,"
				Active
			",Congo (DRC),Kinshasa,,"79,375,136",$700 ,,63%,63.80%,71.47 deaths,56.93 years
151,Inactive,134 months,2343,"$1,469,350 ",Yes,"
				 31% PY							",0.20%,9.50%,100.00%,100.00%,1.14%,0.02%,"
				Paused
			",Costa Rica,San Jose,Spanish,"4,755,234","$12,900 ","agriculture: 14%, industry: 22%, services: 64%",24.80%,96.30%,8.7 deaths,78.23 years
133,2,140 months,39915,"$15,969,225 ",Yes,"
				 36% PY							",4.00%,34.90%,8.28%,10.96%,2.78%,0.24%,"
				Active
			",Kenya,Nairobi,"English (official), Kiswahili (official)","45,010,056","$1,800 ","agriculture: 75%, industry and services: 25%",43.40%,87.40%,40.71 deaths,63.52 years
115,2,149 months,7169,"$7,923,875 ",Yes,"
				 32% PY							",0.30%,12.20%,99.82%,100.00%,0.07%,0.00%,"
				Active
			",Lebanon,Beirut,"Arabic (official), French, English, Armenian","5,882,562","$15,800 ",,28.00%,89.60%,7.98 deaths,77.22 years
93,Inactive,157 months,44437,"$16,063,450 ",Yes,"
				 41% PY							",1.70%,7.80%,100.00%,100.00%,0.01%,0.00%,"
				Paused
			",Peru,Lima,"Spanish (official) 84.1%, Quechua (official) 13%, Aymara (official) 1.7%, Ashaninka 0.3%, other native languages 0.7%, other 0.2%","30,147,935","$12,000 ","agriculture: 25.8%, industry: 17.4%, services: 56.8%",23.90%,94.50%,20.21 deaths,68.39 years
87,2,159 months,55301,"$15,429,750 ",Yes,"
				 66% PY							",-12.90%, N/A ,100.00%,100.00%,0.93%,0.28%,"
				Active
			",Tanzania,Dodoma,"Kiswahili (official), Kiunguja, English (official), Arabic, many local languages","49,639,138","$1,900 ","agriculture: 80%, industry and services: 20%",28.20%,70.60%,43.47 deaths,60.07 years
78,Inactive,156 months,53989,"$9,376,400 ",Yes,"
				 27% PY							",0.50%,17.70%,100.00%,100.00%,0.00%,1.06%,"
				Paused
			",Mali,Bamako,"French (official), Bambara 46.3%","16,455,903","$1,100 ","agriculture: 80%, industry and services: 20%",36.10%,33.40%,104.34 deaths,54.95 years
77,2,161 months,23990,"$25,500,600 ",Yes,"
				 31% PY							",-8.80%,9.40%,98.95%,100.00%,0.34%,0.00%,"
				Active
			",Lebanon,Beirut,"Arabic (official), French, English, Armenian","5,882,562","$15,800 ",,28.00%,89.60%,7.98 deaths,77.22 years
40,Inactive,168 months,2183,"$978,750 ",Yes,"
				 20% PY							",7.00%,18.40%,99.45%,100.00%,0.33%,0.39%,"
				Inactive
			",Cameroon,Yaounde,"24 major African language groups, English (official), French (official)","23,130,708","$2,400 ","agriculture: 70%, industry: 13%, services: 17%",48.00%,71.30%,55.1 deaths,57.35 years
588,1.5,25 months,2720,"$312,200 ",Yes,"
				 N/A 							",-8.80%, N/A ,46.05%,50.65%,0.00%,0.00%,"
				Active
			",Uganda,Kampala,"English (official) Ganda,Luganda, other Niger-Congo languages, Nilo-Saharan languages, Swahili, Arabic","35,918,915","$1,800 ","agriculture: 82%, industry: 5%, services: 13%",19.50%,78.40%,60.82 deaths,58.02 years
582,1.5,27 months,276,"$208,650 ",Yes,"
				 78% PY							",0.50%, N/A ,5.51%,25.14%,0.00%,0.00%,"
				Active
			",Papua New Guinea,Port Moresby,"Tok Pisin (official), English (official), Hiri Motu (official), some 836 indigenous languages spoken","6,552,730","$2,400 ","agriculture: 85%, industry: NA%, services: NA%",39.90%,64.20%,39.67 deaths,72.11 years
572,1.5,29 months,3072,"$1,942,925 ",Yes,"
				 20% PY							",-2.00%, N/A ,1.44%,2.01%,0.00%,0.00%,"
				Active
			",Burkina Faso,Ouagadougou,French,"18,365,123","$1,500 ","agriculture: 90%, industry and services: 10%",46.70%,28.70%,76.8 deaths,54.78 years
567,1.5,30 months,1745,"$444,875 ",Yes,"
				 N/A 							",18.60%, N/A ,0.00%,0.00%,0.00%,0.00%,"
				Active
			",Paraguay,Asuncion,"Spanish (official), Guarani (official)","6,703,860","$8,400 ","agriculture: 26.5%, industry: 18.5%, services: 55%",23.80%,93.90%,20.75 deaths,74.21 years
564,1.5,33 months,214,"$263,650 ",Yes,"
				 N/A 							",3.10%, N/A ,3.57%,13.70%,0.00%,0.00%,"
				Active
			",Thailand,Bangkok,"Thai (official) 90.7%, Burmese 1.3%, other 8%","67,741,401","$14,400 ","agriculture: 38.2%, industry: 13.6%, services: 48.2%",12.60%,96.70%,9.86 deaths,74.01 years
544,1.5,40 months,168,"$84,000 ",Yes,"
				 9% APR							",2.50%, N/A ,100.00%,100.00%,0.00%,0.00%,"
				Active
			",Kenya,Nairobi,"English (official), Kiswahili (official)","45,010,056","$1,800 ","agriculture: 75%, industry and services: 25%",43.40%,87.40%,40.71 deaths,63.52 years
478,Inactive,46 months,3,"$150,000 ",Yes,"
				 9% APR							",-0.20%, N/A ,0.00%,0.00%,0.00%,0.00%,"
				Inactive
			",United States,Washington DC,"English (offical) 79.2%, Spanish 12.9%, other Indo-European 3.8%, Asian and Pacific island 3.3%, other 0.9%","318,892,103","$54,800 ","farming, forestry, and fishing: 0.7%, manufacturing, extraction, transportation, and crafts: 20.3%, managerial, professional, and technical: 37.3%, sales and office: 24.2%, other services: 17.6%",,99%,6.17 deaths,78.64 years
464,1.5,63 months,6884,"$3,661,275 ",Yes,"
				 17% APR							",2.20%, N/A ,11.50%,13.14%,0.55%,1.54%,"
				Active
			",Brazil,Brasilia,Portuguese,"202,656,788","$12,100 ","agriculture: 15.7%, industry: 13.3%, services: 71%",21.40%,90.40%,19.21 deaths,73.28 years
462,Inactive,65 months,656,"$951,700 ",Yes,"
				 44% APR							",1.70%, N/A ,100.00%,100.00%,0.94%,0.00%,"
				Inactive
			",Palestine,,,"2,731,052","$4,900 ","agriculture: 11.5%, industry: 34.4%, services: 54.1%",,, deaths,77.16 years
461,1.5,34 months,197,"$303,825 ",Yes,"
				 36% APR							",17.60%, N/A ,7.82%,30.30%,0.00%,0.00%,"
				Active
			",Panama,Panama City,"Spanish (official), indigenous languages","3,608,431","$20,300 ","agriculture: 17%, industry: 18.6%, services: 64.4%",25.80%,95%,10.7 deaths,62.16 years
449,1.5,70 months,874,"$247,625 ",Yes,"
				 5% APR							",64.60%, N/A ,3.57%,29.20%,0.00%,1.16%,"
				Active
			",Ghana,Accra,"Asante 14.8%, Ewe 12.7%, Fante 9.9%, Boron (Brong) 4.6%, Dagomba 4.3%, Dangme 4.3%, Dagarte (Dagaba) 3.7%, Akyem 3.4%, Ga 3.4%, Akuapem 2.9%","25,758,108","$3,500 ","agriculture: 56%, industry: 15%, services: 29%",28.50%,71.50%,38.52 deaths,65.75 years
448,Inactive,70 months,127,"$380,750 ",Yes,"
				 16% APR							",2.00%, N/A ,78.36%,100.00%,0.00%,0.00%,"
				Paused
			",Honduras,Tegucigalpa,Spanish,"8,598,561","$4,800 ","agriculture: 39.2%, industry: 20.9%, services: 39.8%",60.00%,85.10%,18.72 deaths,70.91 years
441,1.5,67 months,739,"$381,250 ",Yes,"
				 6% APR							",-17.70%, N/A ,0.00%,0.00%,0.00%,0.29%,"
				Active
			",Rwanda,Kigali,"Kinyarwanda only (official) 93.2%, Kinyarwanda and other language(s) 6.2%, French (official) and other language(s) 0.1%, English (official) and other language(s) 0.1%, Swahili 0.02%, other 0.03%, unspecified 0.3%","12,337,138","$1,700 ","agriculture: 90%, industry and services: 10%",44.90%,70.50%,59.59 deaths,N/A years
440,1.5,74 months,5284,"$3,506,625 ",Yes,"
				 25% APR							",8.70%, N/A ,0.93%,1.90%,0.00%,4.53%,"
				Active
			",Egypt,Cairo,Arabic,"86,895,099","$6,600 ","agriculture: 29%, industry: 24%, services: 47%",22.00%,73.90%,22.41 deaths,73.45 years
418,1.5,74 months,568,"$417,450 ",Yes,"
				 42% PY							",-4.60%, N/A ,100.00%,100.00%,6.20%,1.12%,"
				Active
			",Ghana,Accra,"Asante 14.8%, Ewe 12.7%, Fante 9.9%, Boron (Brong) 4.6%, Dagomba 4.3%, Dangme 4.3%, Dagarte (Dagaba) 3.7%, Akyem 3.4%, Ga 3.4%, Akuapem 2.9%","25,758,108","$3,500 ","agriculture: 56%, industry: 15%, services: 29%",28.50%,71.50%,38.52 deaths,65.75 years
404,1.5,79 months,3038,"$3,028,225 ",Yes,"
				 40% PY							",4.80%, N/A ,98.41%,100.00%,0.58%,0.00%,"
				Active
			",Lebanon,Beirut,"Arabic (official), French, English, Armenian","5,882,562","$15,800 ",,28.00%,89.60%,7.98 deaths,77.22 years
390,1.5,80 months,712,"$756,200 ",Yes,"
				 18% APR							",3.50%, N/A ,6.32%,21.23%,0.15%,0.03%,"
				Active
			",Honduras,Tegucigalpa,Spanish,"8,598,561","$4,800 ","agriculture: 39.2%, industry: 20.9%, services: 39.8%",60.00%,85.10%,18.72 deaths,70.91 years
388,1.5,79 months,9279,"$1,368,475 ",Yes,"
				 34% APR							",4.10%, N/A ,2.56%,3.28%,0.00%,0.16%,"
				Active
			",Kenya,Nairobi,"English (official), Kiswahili (official)","45,010,056","$1,800 ","agriculture: 75%, industry and services: 25%",43.40%,87.40%,40.71 deaths,63.52 years
381,1.5,77 months,32115,"$3,910,075 ",Yes,"
				 81% APR							",0.10%, N/A ,1.25%,1.25%,0.00%,0.39%,"
				Active
			",Malawi,Lilongwe,"English (official), Chichewa (common), Chinyanja, Chiyao, Chitumbuka, Chilomwe, Chinkhonde, Chingoni, Chisena, Chitonga, Chinyakyusa, Chilambya","17,377,468",$900 ,"agriculture: 90%, industry and services: 10%",53.00%,74.80%,48.01 deaths,59.99 years
369,1.5,80 months,993,"$523,275 ",Yes,"
				 24% APR							",1.40%, N/A ,0.00%,0.00%,0.00%,0.00%,"
				Active
			",Guatemala,Guatemala City,"Spanish (official) 60%, Amerindian languages 40%","14,647,083","$5,300 ","agriculture: 38%, industry: 14%, services: 48%",54.00%,75.90%,23.51 deaths,71.74 years
359,1.5,71 months,7969,"$1,915,100 ",Yes,"
				 46% PY							",-3.60%, N/A ,4.93%,14.22%,0.05%,0.16%,"
				Active
			",Madagascar,Antananarivo,"French (official), Malagasy (official), English","23,201,926","$1,000 ",,50.00%,64.50%,44.88 deaths,65.2 years
339,Inactive,86 months,113,"$201,950 ",Yes,"
				 7% APR							",-10.70%, N/A ,0.00%,0.00%,0.00%,5.77%,"
				Inactive
			",Mexico,Mexico City,"Spanish 92.7%, other indigenous languages 5.7%","120,286,655","$15,600 ","agriculture: 13.4%, industry: 24.1%, services: 61.9%",52.30%,93.50%,12.58 deaths,75.43 years
301,1.5,90 months,339,"$368,100 ",Yes,"
				 30% APR							",10.40%, N/A ,9.49%,17.38%,7.13%,2.29%,"
				Active
			",Mexico,Mexico City,"Spanish 92.7%, other indigenous languages 5.7%","120,286,655","$15,600 ","agriculture: 13.4%, industry: 24.1%, services: 61.9%",52.30%,93.50%,12.58 deaths,75.43 years
295,1.5,92 months,949,"$747,375 ",Yes,"
				 20% PY							",5.10%, N/A ,3.93%,7.71%,2.33%,0.14%,"
				Active
			",Nicaragua,Managua,"Spanish (official) 95.3%, Miskito 2.2%, Mestizo of the Caribbean coast 2%, other 0.5%","5,848,641","$4,800 ","agriculture: 31%, industry: 18%, services: 50%",42.50%,82.90%,20.36 deaths,57.48 years
294,1.5,93 months,1001,"$936,775 ",Yes,"
				 45% PY							",-7.10%, N/A ,13.92%,39.59%,9.21%,1.00%,"
				Active
			",Mexico,Mexico City,"Spanish 92.7%, other indigenous languages 5.7%","120,286,655","$15,600 ","agriculture: 13.4%, industry: 24.1%, services: 61.9%",52.30%,93.50%,12.58 deaths,75.43 years
282,1.5,96 months,1275,"$550,975 ",No,"
				 N/A 							",-62.40%, N/A ,0.00%,0.00%,0.00%,0.00%,"
				Active
			",Kenya,Nairobi,"English (official), Kiswahili (official)","45,010,056","$1,800 ","agriculture: 75%, industry and services: 25%",43.40%,87.40%,40.71 deaths,63.52 years
274,1.5,98 months,184,"$300,950 ",No,"
				 0% APR							",-24.20%, N/A ,0.00%,0.00%,0.00%,0.00%,"
				Active
			",Thailand,Bangkok,"Thai (official) 90.7%, Burmese 1.3%, other 8%","67,741,401","$14,400 ","agriculture: 38.2%, industry: 13.6%, services: 48.2%",12.60%,96.70%,9.86 deaths,74.01 years
240,1.5,105 months,2513,"$3,366,750 ",Yes,"
				 29% PY							",0.80%,47.80%,6.00%,32.18%,1.60%,1.06%,"
				Active
			",Kosovo,Pristina,"Albanian (official), Serbian (official), Bosnian, Turkish","1,859,203","$7,600 ","agriculture: 23.6%, industry: NA%, services: NA%",30.00%,91.90%,N/A deaths,N/A years
226,1.5,105 months,2397,"$1,885,450 ",No,"
				 0% APR							",-33.00%, N/A ,28.05%,49.54%,8.06%,0.71%,"
				Active
			",Mexico,Mexico City,"Spanish 92.7%, other indigenous languages 5.7%","120,286,655","$15,600 ","agriculture: 13.4%, industry: 24.1%, services: 61.9%",52.30%,93.50%,12.58 deaths,75.43 years
198,1.5,114 months,3063,"$1,190,750 ",Yes,"
				 15% PY							",-8.00%,5.20%,0.00%,0.00%,0.05%  (See note),2.29%,"
				Active
			",Turkey,Ankara,"Turkish (official), Kurdish, other minority languages","81,619,392","$19,600 ","agriculture: 25.5%, industry: 26.2%, services: 48.4%",2.30%,95%,21.43 deaths,74.54 years
187,1.5,118 months,11490,"$2,593,425 ",Yes,"
				 13% PY							",0.40%,211.20%,75.80%,76.56%,0.31%,0.45%,"
				Active
			",Burkina Faso,Ouagadougou,French,"18,365,123","$1,500 ","agriculture: 90%, industry and services: 10%",46.70%,28.70%,76.8 deaths,54.78 years
117,1.5,152 months,21229,"$6,347,300 ",Yes,"
				 41% PY							",-6.20%,99.70%,9.11%,15.28%,2.11%,0.12%,"
				Active
			",Rwanda,Kigali,"Kinyarwanda only (official) 93.2%, Kinyarwanda and other language(s) 6.2%, French (official) and other language(s) 0.1%, English (official) and other language(s) 0.1%, Swahili 0.02%, other 0.03%, unspecified 0.3%","12,337,138","$1,700 ","agriculture: 90%, industry and services: 10%",44.90%,70.50%,59.59 deaths,N/A years
97,1.5,158 months,10593,"$4,476,425 ",Yes,"
				 49% PY							",0.70%,7.50%,22.24%,29.08%,1.04%,0.00%,"
				Active
			",Guatemala,Guatemala City,"Spanish (official) 60%, Amerindian languages 40%","14,647,083","$5,300 ","agriculture: 38%, industry: 14%, services: 48%",54.00%,75.90%,23.51 deaths,71.74 years
85,Inactive,159 months,6816,"$2,219,225 ",Yes,"
				 26% PY							",3.90%,14.00%,100.00%,100.00%,0.00%,0.00%,"
				Paused
			",Vietnam,Hanoi,"Vietnamese (official), English, some French, Chinese, and Khmer, Mon-Khmer, Malayo-Polynesian","93,421,835","$5,600 ","agriculture: 48%, industry: 21%, services: 31%",17.20%,94.50%,18.99 deaths,75.46 years
62,1.5,160 months,2660,"$909,825 ",Yes,"
				 19% PY							",-15.50%,28.50%,35.81%,50.58%,0.00%,0.11%,"
				Active
			",Nepal,Kathmandu,"Nepali (official) 44.6%, Maithali 11.7%, Bhojpuri 6%, Tharu 5.8%, Tamang 5.1%, Newar 3.2%, Magar 3%, Bajjika 3%, Urdu 2.6%, Avadhi 1.9%, Limbu 1.3%, Gurung 1.2%, other 10.4%, unspecified 0.2%","30,986,975","$2,400 ","agriculture: 75%, industry: 7%, services: 18%",25.20%,63.90%,40.43 deaths,67.55 years
615,1,3 months,12,"$6,300 ",Yes,"
				 N/A 							",-2.20%, N/A ,0.00%,0.00%,0.00%,0.00%,"
				Active
			",Senegal,Dakar,"French (official), Wolof, Pulaar, Jola, Mandinka","13,635,927","$2,300 ","agriculture: 77.5%, industry and services: 22.5%",46.70%,57.70%,52.72 deaths,74.54 years
612,1,7 months,1,"$200,000 ",Yes,"
				 N/A 							", N/A , N/A ,0.00%,0.00%,0.00%,0.00%,"
				Active
			",Kenya,Nairobi,"English (official), Kiswahili (official)","45,010,056","$1,800 ","agriculture: 75%, industry and services: 25%",43.40%,87.40%,40.71 deaths,63.52 years
611,1,3 months,185,"$134,400 ",Yes,"
				 N/A 							",0.60%, N/A ,0.00%,0.00%,0.00%,0.00%,"
				Active
			",Vanuatu,Port-Vila,"Local languages (more than 100) 63.2%, Bislama (official; creole) 33.7%, English (official) 2%, French (official) 0.6%, other 0.5%","266,937","$2,500 ","agriculture: 65%, industry: 5%, services: 30%",,85.20%,16.41 deaths,71.13 years
605,1,11 months,1852,"$322,000 ",Yes,"
				 N/A 							",-9.30%, N/A ,0.70%,0.70%,0.00%,0.00%,"
				Active
			",Senegal,Dakar,"French (official), Wolof, Pulaar, Jola, Mandinka","13,635,927","$2,300 ","agriculture: 77.5%, industry and services: 22.5%",46.70%,57.70%,52.72 deaths,74.54 years
601,1,16 months,2,"$300,000 ",Yes,"
				 N/A 							",10.60%, N/A ,24.53%,24.53%,0.00%,0.00%,"
				Active
			",Kenya,Nairobi,"English (official), Kiswahili (official)","45,010,056","$1,800 ","agriculture: 75%, industry and services: 25%",43.40%,87.40%,40.71 deaths,63.52 years
584,1,27 months,4,"$41,000 ",Yes,"
				 N/A 							",90.00%, N/A ,100.00%,100.00%,0.00%,0.00%,"
				Active
			",Papua New Guinea,Port Moresby,"Tok Pisin (official), English (official), Hiri Motu (official), some 836 indigenous languages spoken","6,552,730","$2,400 ","agriculture: 85%, industry: NA%, services: NA%",39.90%,64.20%,39.67 deaths,72.11 years
579,1,26 months,9,"$60,550 ",Yes,"
				 N/A 							",-24.30%, N/A ,0.00%,0.00%,0.00%,0.00%,"
				Active
			",Guatemala,Guatemala City,"Spanish (official) 60%, Amerindian languages 40%","14,647,083","$5,300 ","agriculture: 38%, industry: 14%, services: 48%",54.00%,75.90%,23.51 deaths,71.74 years
576,1,28 months,4,"$29,175 ",Yes,"
				 10% APR							",-11.70%, N/A ,65.62%,100.00%,0.00%,0.00%,"
				Active
			",Tanzania,Dodoma,"Kiswahili (official), Kiunguja, English (official), Arabic, many local languages","49,639,138","$1,900 ","agriculture: 80%, industry and services: 20%",28.20%,70.60%,43.47 deaths,60.07 years
551,Inactive,38 months,699,"$501,425 ",Yes,"
				 74% APR							",-1.70%, N/A ,100.00%,100.00%,0.12%,0.00%,"
				Paused
			",Zimbabwe,Harare,"Shona (official), Ndebele (official), English (official), 13 minority languages","13,771,721","$2,000 ","agriculture: 66%, industry: 10%, services: 24%",72.30%,86.50%,26.55 deaths,55.95 years
521,1,44 months,4,"$102,150 ",Yes,"
				 6% APR							",0.60%, N/A ,0.00%,0.00%,0.00%,2.51%,"
				Active
			",South Africa,Pretoria,"IsiZulu (official) 22.7%, IsiXhosa (official) 16%, Afrikaans (official) 13.5%, English (official) 9.6%, Sepedi (official) 9.1%, Setswana (official) 8%, Sesotho (official) 7.6%, Xitsonga (official) 4.5%, siSwati (official) 2.5%, Tshivenda (official) 2.4%, isiNdebele (official) 2.1%, other 2.1%","48,375,645","$12,700 ","agriculture: 9%, industry: 26%, services: 65%",53.80%,94.30%,41.61 deaths,55.3 years
485,Inactive,53 months,2,"$20,000 ",Yes,"
				 N/A 				  (See note) ",9.10%, N/A ,0.00%,0.00%,0.00%,0.00%,"
				Inactive
			",Myanmar (Burma),Yangon,Burmese,"55,746,253","$1,700 ","agriculture: 70%, industry: 7%, services: 23%",32.70%,92.70%,44.91 deaths,65.94 years
481,Inactive,56 months,1566,"$427,800 ",Yes,"
				 30% APR							",3.80%, N/A ,0.00%,0.00%,0.00%,1.82%,"
				Inactive
			",Myanmar (Burma),Yangon,Burmese,"55,746,253","$1,700 ","agriculture: 70%, industry: 7%, services: 23%",32.70%,92.70%,44.91 deaths,65.94 years
479,1,52 months,7,"$112,500 ",Yes,"
				 6% APR							",-3.40%, N/A ,24.92%,24.92%,16.90%,0.00%,"
				Active
			",Guatemala,Guatemala City,"Spanish (official) 60%, Amerindian languages 40%","14,647,083","$5,300 ","agriculture: 38%, industry: 14%, services: 48%",54.00%,75.90%,23.51 deaths,71.74 years
477,1,55 months,7,"$150,100 ",Yes,"
				 5% APR							",11.80%, N/A ,0.00%,0.00%,5.00%,0.00%,"
				Active
			",United States,Washington DC,"English (offical) 79.2%, Spanish 12.9%, other Indo-European 3.8%, Asian and Pacific island 3.3%, other 0.9%","318,892,103","$54,800 ","farming, forestry, and fishing: 0.7%, manufacturing, extraction, transportation, and crafts: 20.3%, managerial, professional, and technical: 37.3%, sales and office: 24.2%, other services: 17.6%",,99%,6.17 deaths,78.64 years
472,1,59 months,110,"$582,575 ",No,"
				 0% APR							",24.40%, N/A ,0.00%,0.00%,0.00%,0.00%,"
				Active
			",Thailand,Bangkok,"Thai (official) 90.7%, Burmese 1.3%, other 8%","67,741,401","$14,400 ","agriculture: 38.2%, industry: 13.6%, services: 48.2%",12.60%,96.70%,9.86 deaths,74.01 years
466,1,62 months,747,"$372,450 ",No,"
				 0% APR							",-9.40%, N/A ,2.19%,2.24%,11.18%,0.00%,"
				Active
			",United States,Washington DC,"English (offical) 79.2%, Spanish 12.9%, other Indo-European 3.8%, Asian and Pacific island 3.3%, other 0.9%","318,892,103","$54,800 ","farming, forestry, and fishing: 0.7%, manufacturing, extraction, transportation, and crafts: 20.3%, managerial, professional, and technical: 37.3%, sales and office: 24.2%, other services: 17.6%",,99%,6.17 deaths,78.64 years
446,1,71 months,228,"$440,500 ",Yes,"
				 10% APR							",0.40%, N/A ,39.53%,41.19%,0.00%,0.00%,"
				Active
			",Peru,Lima,"Spanish (official) 84.1%, Quechua (official) 13%, Aymara (official) 1.7%, Ashaninka 0.3%, other native languages 0.7%, other 0.2%","30,147,935","$12,000 ","agriculture: 25.8%, industry: 17.4%, services: 56.8%",23.90%,94.50%,20.21 deaths,68.39 years
443,1,72 months,8477,"$2,410,800 ",Yes,"
				 56% PY							",4.30%, N/A ,36.43%,96.91%,0.12%,0.05%,"
				Active
			",Madagascar,Antananarivo,"French (official), Malagasy (official), English","23,201,926","$1,000 ",,50.00%,64.50%,44.88 deaths,65.2 years
431,1,76 months,7,"$286,000 ",Yes,"
				 8% APR							",3.50%, N/A ,10.37%,32.24%,0.00%,0.00%,"
				Active
			",Lao PDR,Vientiane,"Lao (official), French, English","6,803,699","$3,100 ","agriculture: 73.1%, industry: 6.1%, services: 20.6%",22.00%,72.70%,54.53 deaths,63.51 years
429,1,70 months,15,"$439,875 ",Yes,"
				 8% APR							",8.80%, N/A ,13.32%,30.28%,22.63%,0.00%,"
				Active
			",United States,Washington DC,"English (offical) 79.2%, Spanish 12.9%, other Indo-European 3.8%, Asian and Pacific island 3.3%, other 0.9%","318,892,103","$54,800 ","farming, forestry, and fishing: 0.7%, manufacturing, extraction, transportation, and crafts: 20.3%, managerial, professional, and technical: 37.3%, sales and office: 24.2%, other services: 17.6%",,99%,6.17 deaths,78.64 years
417,1,78 months,1024,"$189,725 ",No,"
				 0% APR							",-1.80%, N/A ,4.70%,23.74%,1.91%,5.21%,"
				Active
			",Zambia,Lusaka,"Bembe 33.4%, Nyanja 14.7%, Tonga 11.4%, Lozi 5.5%, Chewa 4.5%, Nsenga 2.9%, Tumbuka 2.5%, Lunda 1.9%, Kaonde 1.8%, Lala 1.8%, Lamba 1.8%, English (official) 1.7%, Luvale 1.5%, Mambwe 1.3%, Namwanga 1.2%, Lenje 1.1%, Bisa 1%, other 9.2%, unspecified 0.4%","14,638,505","$4,100 ","agriculture: 85%, industry: 6%, services: 9%",60.50%,63.40%,66.62 deaths,55.83 years
415,1,77 months,53,"$26,550 ",Yes,"
				 0% APR							",-14.90%, N/A ,100.00%,100.00%,5.03%,0.18%,"
				Active
			",Peru,Lima,"Spanish (official) 84.1%, Quechua (official) 13%, Aymara (official) 1.7%, Ashaninka 0.3%, other native languages 0.7%, other 0.2%","30,147,935","$12,000 ","agriculture: 25.8%, industry: 17.4%, services: 56.8%",23.90%,94.50%,20.21 deaths,68.39 years
411,1,75 months,2890,"$2,260,675 ",Yes,"
				 59% PY							",-16.60%, N/A ,33.94%,83.72%,0.04%,0.00%,"
				Active
			",Solomon Islands,Honiara,"Melanesian pidgin, English (official) 2%, 120 indigenous languages","609,883","$1,800 ","agriculture: 75%, industry: 5%, services: 20%",22.70%,84.10%,16.17 deaths,67.29 years
408,1,69 months,14,"$422,000 ",Yes,"
				 8% APR							",43.40%, N/A ,24.44%,30.40%,0.00%,0.00%,"
				Active
			",Colombia,Bogota,Spanish,"46,245,297","$11,100 ","agriculture: 17%, industry: 21%, services: 62%",32.70%,93.60%,15.02 deaths,75.25 years
402,1,74 months,5657,"$2,443,500 ",Yes,"
				 36% APR							",1.70%, N/A ,15.56%,17.19%,2.70%,0.00%,"
				Active
			",Congo (DRC),Kinshasa,,"79,375,136",$700 ,,63%,63.80%,71.47 deaths,56.93 years
389,1,80 months,3184,"$885,975 ",Yes,"
				 47% PY							",12.10%, N/A ,78.69%,94.19%,0.05%,0.00%,"
				Active
			",Philippines,Manila,"Filipino (official) and English (official); eight major dialects - Tagalog, Cebuano, Ilocano, Hiligaynon or Ilonggo, Bicol, Waray, Pampango, and Pangasinan","107,668,231","$7,000 ","agriculture: 32%, industry: 15%, services: 53%",25.20%,96.30%,17.64 deaths,N/A years
358,1,82 months,222,"$799,175 ",Yes,"
				 10% APR							",3.50%, N/A ,4.70%,33.76%,4.97%,1.17%,"
				Active
			",Peru,Lima,"Spanish (official) 84.1%, Quechua (official) 13%, Aymara (official) 1.7%, Ashaninka 0.3%, other native languages 0.7%, other 0.2%","30,147,935","$12,000 ","agriculture: 25.8%, industry: 17.4%, services: 56.8%",23.90%,94.50%,20.21 deaths,68.39 years
357,1,78 months,4137,"$2,675,325 ",Yes,"
				 N/A 							",1.10%, N/A ,23.11%,37.23%,3.65%,0.90%,"
				Active
			",Mexico,Mexico City,"Spanish 92.7%, other indigenous languages 5.7%","120,286,655","$15,600 ","agriculture: 13.4%, industry: 24.1%, services: 61.9%",52.30%,93.50%,12.58 deaths,75.43 years
326,1,89 months,471,"$523,700 ",No,"
				 0% APR							",-1.00%, N/A ,51.19%,97.76%,2.36%,0.00%,"
				Active
			",Kyrgyzstan,Bishkek,"Kyrgyz (official) 64.7%, Uzbek 13.6%, Russian (official) 12.5%","5,604,212","$2,500 ","agriculture: 48%, industry: 12.5%, services: 39.5%",33.70%,99.20%,28.71 deaths,70.06 years
317,1,90 months,108,"$292,875 ",Yes,"
				 15% APR							",1.00%, N/A ,9.11%,30.74%,10.41%,0.45%,"
				Active
			",Honduras,Tegucigalpa,Spanish,"8,598,561","$4,800 ","agriculture: 39.2%, industry: 20.9%, services: 39.8%",60.00%,85.10%,18.72 deaths,70.91 years
315,1,90 months,8,"$313,900 ",Yes,"
				 14% APR							",0.00%, N/A ,95.45%,100.00%,56.03%  (See note),0.20%,"
				Active
			",Haiti,Port-au-Prince,"French (official), Creole (official)","9,996,731","$1,300 ","agriculture: 38.1%, industry: 11.5%, services: 50.4%",80.00%,48.70%,49.43 deaths,63.18 years
285,1,96 months,44,"$198,675 ",No,"
				 0% APR							",15.80%, N/A ,8.82%,35.34%,0.00%,0.00%,"
				Active
			",Israel,Jerusalem,"Hebrew (official), Arabic, English","7,821,850","$36,200 ","agriculture: 1.6%, industry: 18.1%, services: 80.3%",21.00%,97.10%,3.98 deaths,81.28 years
275,1,98 months,1323,"$315,025 ",Yes,"
				 24% APR							",44.10%, N/A ,16.38%,63.71%,9.96%,0.81%,"
				Active
			",Mexico,Mexico City,"Spanish 92.7%, other indigenous languages 5.7%","120,286,655","$15,600 ","agriculture: 13.4%, industry: 24.1%, services: 61.9%",52.30%,93.50%,12.58 deaths,75.43 years
263,1,99 months,378,"$457,600 ",No,"
				 0% APR							",2.10%, N/A ,16.72%,16.72%,2.65%,0.05%,"
				Active
			",Indonesia,Jakarta,"Bahasa (official, modified form of Malay), English, Dutch","253,609,643","$5,200 ","agriculture: 38.9%, industry: 13.2%, services: 47.9%",11.70%,92.80%,25.16 deaths,72.17 years
258,Inactive,101 months,437,"$226,100 ",Yes,"
				 16% APR							",6.20%, N/A ,0.00%,0.00%,8.86%,0.61%,"
				Inactive
			",Kenya,Nairobi,"English (official), Kiswahili (official)","45,010,056","$1,800 ","agriculture: 75%, industry and services: 25%",43.40%,87.40%,40.71 deaths,63.52 years
175,1,122 months,557,"$2,179,350 ",Yes,"
				 4% PY							",-4.40%, N/A ,3.74%,11.05%,7.39%,0.08%,"
				Active
			",Israel,Jerusalem,"Hebrew (official), Arabic, English","7,821,850","$36,200 ","agriculture: 1.6%, industry: 18.1%, services: 80.3%",21.00%,97.10%,3.98 deaths,81.28 years
146,1,138 months,5233,"$6,907,050 ",Yes,"
				 21% PY							",-2.00%,44.60%,97.72%,100.00%,0.00%,0.62%,"
				Active
			",Armenia,Yerevan,Armenian,"3,060,631","$6,300 ","agriculture: 44.2%, industry: 16.8%, services: 39%",35.80%,99.60%,13.97 deaths,74.12 years
98,1,158 months,9191,"$5,769,175 ",Yes,"
				 21% PY							",-2.60%,131.70%,100.00%,100.00%,0.72%,0.01%,"
				Active
			",Nicaragua,Managua,"Spanish (official) 95.3%, Miskito 2.2%, Mestizo of the Caribbean coast 2%, other 0.5%","5,848,641","$4,800 ","agriculture: 31%, industry: 18%, services: 50%",42.50%,82.90%,20.36 deaths,57.48 years
619,0.5,2 months,1,"$50,000 ",Yes,"
				 N/A 							", N/A , N/A ,0.00%,0.00%,0.00%,0.00%,"
				Active
			",Mali,Bamako,"French (official), Bambara 46.3%","16,455,903","$1,100 ","agriculture: 80%, industry and services: 20%",36.10%,33.40%,104.34 deaths,54.95 years
618,0.5,2 months,1,"$100,000 ",Yes,"
				 N/A 							", N/A , N/A ,0.00%,0.00%,0.00%,0.00%,"
				Active
			",Congo (DRC),Kinshasa,,"79,375,136",$700 ,,63%,63.80%,71.47 deaths,56.93 years
616,0.5,3 months,1,"$50,000 ",Yes,"
				 N/A 							", N/A , N/A ,0.00%,0.00%,0.00%,0.00%,"
				Active
			",Tanzania,Dodoma,"Kiswahili (official), Kiunguja, English (official), Arabic, many local languages","49,639,138","$1,900 ","agriculture: 80%, industry and services: 20%",28.20%,70.60%,43.47 deaths,60.07 years
614,0.5,5 months,1,"$100,000 ",No,"
				 N/A 							", N/A , N/A ,0.00%,0.00%,0.00%,0.00%,"
				Active
			",United States,Washington DC,"English (offical) 79.2%, Spanish 12.9%, other Indo-European 3.8%, Asian and Pacific island 3.3%, other 0.9%","318,892,103","$54,800 ","farming, forestry, and fishing: 0.7%, manufacturing, extraction, transportation, and crafts: 20.3%, managerial, professional, and technical: 37.3%, sales and office: 24.2%, other services: 17.6%",,99%,6.17 deaths,78.64 years
613,0.5,6 months,1,"$70,000 ",Yes,"
				 N/A 							", N/A , N/A ,0.00%,0.00%,0.00%,0.00%,"
				Active
			",Ghana,Accra,"Asante 14.8%, Ewe 12.7%, Fante 9.9%, Boron (Brong) 4.6%, Dagomba 4.3%, Dangme 4.3%, Dagarte (Dagaba) 3.7%, Akyem 3.4%, Ga 3.4%, Akuapem 2.9%","25,758,108","$3,500 ","agriculture: 56%, industry: 15%, services: 29%",28.50%,71.50%,38.52 deaths,65.75 years
610,0.5,8 months,1,"$50,000 ",Yes,"
				 N/A 							",-51.60%, N/A ,0.00%,0.00%,0.00%,0.00%,"
				Active
			",Colombia,Bogota,Spanish,"46,245,297","$11,100 ","agriculture: 17%, industry: 21%, services: 62%",32.70%,93.60%,15.02 deaths,75.25 years
608,0.5,11 months,1,"$20,000 ",No,"
				 N/A 							",43.90%, N/A ,100.00%,100.00%,0.00%,0.00%,"
				Active
			",Ecuador,Quito,Spanish,"15,654,411","$10,600 ","agriculture: 27.8%, industry: 17.8%, services: 54.4%",25.60%,91.60%,17.93 deaths,76.36 years
604,0.5,14 months,1,"$50,000 ",No,"
				 N/A 							",-20.30%, N/A ,50.00%,100.00%,0.00%,0.00%,"
				Active
			",Tanzania,Dodoma,"Kiswahili (official), Kiunguja, English (official), Arabic, many local languages","49,639,138","$1,900 ","agriculture: 80%, industry and services: 20%",28.20%,70.60%,43.47 deaths,60.07 years
599,0.5,19 months,1,"$50,000 ",No,"
				 N/A 							", N/A , N/A ,0.00%,0.00%,0.00%,0.00%,"
				Active
			",Uganda,Kampala,"English (official) Ganda,Luganda, other Niger-Congo languages, Nilo-Saharan languages, Swahili, Arabic","35,918,915","$1,800 ","agriculture: 82%, industry: 5%, services: 13%",19.50%,78.40%,60.82 deaths,58.02 years
595,0.5,21 months,2,"$107,000 ",No,"
				 N/A 							", N/A , N/A ,30.49%,30.49%,0.00%,0.00%,"
				Active
			",Indonesia,Jakarta,"Bahasa (official, modified form of Malay), English, Dutch","253,609,643","$5,200 ","agriculture: 38.9%, industry: 13.2%, services: 47.9%",11.70%,92.80%,25.16 deaths,72.17 years
578,0.5,24 months,1061,"$127,875 ",No,"
				 N/A 							",-17.00%, N/A ,6.82%,16.97%,3.44%,0.00%,"
				Active
			",Madagascar,Antananarivo,"French (official), Malagasy (official), English","23,201,926","$1,000 ",,50.00%,64.50%,44.88 deaths,65.2 years
577,0.5,30 months,2,"$250,000 ",No,"
				 N/A 							",-114.10%, N/A ,0.00%,0.00%,0.00%,0.00%,"
				Active
			",Ghana,Accra,"Asante 14.8%, Ewe 12.7%, Fante 9.9%, Boron (Brong) 4.6%, Dagomba 4.3%, Dangme 4.3%, Dagarte (Dagaba) 3.7%, Akyem 3.4%, Ga 3.4%, Akuapem 2.9%","25,758,108","$3,500 ","agriculture: 56%, industry: 15%, services: 29%",28.50%,71.50%,38.52 deaths,65.75 years
575,0.5,30 months,2,"$250,000 ",No,"
				 N/A 							",-10.70%, N/A ,0.00%,0.00%,0.00%,0.00%,"
				Active
			",Ghana,Accra,"Asante 14.8%, Ewe 12.7%, Fante 9.9%, Boron (Brong) 4.6%, Dagomba 4.3%, Dangme 4.3%, Dagarte (Dagaba) 3.7%, Akyem 3.4%, Ga 3.4%, Akuapem 2.9%","25,758,108","$3,500 ","agriculture: 56%, industry: 15%, services: 29%",28.50%,71.50%,38.52 deaths,65.75 years
546,0.5,40 months,3,"$250,000 ",Yes,"
				 N/A 							",4.60%, N/A ,33.33%,33.33%,0.00%,0.00%,"
				Active
			",Uganda,Kampala,"English (official) Ganda,Luganda, other Niger-Congo languages, Nilo-Saharan languages, Swahili, Arabic","35,918,915","$1,800 ","agriculture: 82%, industry: 5%, services: 13%",19.50%,78.40%,60.82 deaths,58.02 years
504,0.5,49 months,6572,"$1,625,350 ",Yes,"
				 N/A 							",-3.80%, N/A ,0.00%,0.00%,12.66%,1.09%,"
				Active
			",Sierra Leone,Freetown,"English (official), Mende, Temne, Krio","5,743,725","$2,100 ",,52.90%,48.10%,73.29 deaths,81.74 years
452,0.5,67 months,12785,"$1,211,675 ",Yes,"
				 0% APR							",-32.30%, N/A ,20.23%,30.62%,6.20%,0.88%,"
				Active
			",Lesotho,Maseru,"Sesotho (official), English (official), Zulu, Xhosa","1,942,008","$2,200 ","agriculture: 86%, industry and services: 14%",49.00%,89.60%,50.48 deaths,52.65 years
451,0.5,68 months,47,"$132,075 ",Yes,"
				 6% APR							", N/A , N/A ,52.16%,100.00%,0.00%,0.00%,"
				Active
			",Jordan,Amman,"Arabic (official), English","7,930,491","$6,100 ","agriculture: 2.7%, industry: 20%, services: 77.4%",14.20%,95.90%,15.73 deaths,74.1 years
442,0.5,70 months,6054,"$3,059,675 ",Yes,"
				 53% PY							",-3.00%, N/A ,5.81%,8.43%,0.80%,1.12%,"
				Active
			",Haiti,Port-au-Prince,"French (official), Creole (official)","9,996,731","$1,300 ","agriculture: 38.1%, industry: 11.5%, services: 50.4%",80.00%,48.70%,49.43 deaths,63.18 years
403,Inactive,79 months,5,"$46,825 ",Yes,"
				 13% APR							",-21.90%, N/A ,0.00%,0.00%,0.00%,0.00%,"
				Inactive
			",Nepal,Kathmandu,"Nepali (official) 44.6%, Maithali 11.7%, Bhojpuri 6%, Tharu 5.8%, Tamang 5.1%, Newar 3.2%, Magar 3%, Bajjika 3%, Urdu 2.6%, Avadhi 1.9%, Limbu 1.3%, Gurung 1.2%, other 10.4%, unspecified 0.2%","30,986,975","$2,400 ","agriculture: 75%, industry: 7%, services: 18%",25.20%,63.90%,40.43 deaths,67.55 years
397,Inactive,68 months,64,"$267,050 ",Yes,"
				 5% APR							",-42.10%, N/A ,0.00%,0.00%,5.98%,0.00%,"
				Inactive
			",Kenya,Nairobi,"English (official), Kiswahili (official)","45,010,056","$1,800 ","agriculture: 75%, industry and services: 25%",43.40%,87.40%,40.71 deaths,63.52 years
380,Inactive,80 months,888,"$1,231,125 ",Yes,"
				 27% APR							",16.50%, N/A ,82.29%,100.00%,8.54%,1.91%,"
				Inactive
			",Haiti,Port-au-Prince,"French (official), Creole (official)","9,996,731","$1,300 ","agriculture: 38.1%, industry: 11.5%, services: 50.4%",80.00%,48.70%,49.43 deaths,63.18 years
376,0.5,76 months,149,"$481,425 ",No,"
				 0% APR							",-6.10%, N/A ,0.00%,0.00%,0.00%,0.00%,"
				Active
			",Mexico,Mexico City,"Spanish 92.7%, other indigenous languages 5.7%","120,286,655","$15,600 ","agriculture: 13.4%, industry: 24.1%, services: 61.9%",52.30%,93.50%,12.58 deaths,75.43 years
361,0.5,76 months,111,"$169,850 ",Yes,"
				 9% APR							",-9.30%, N/A ,16.67%,16.67%,0.00%,0.00%,"
				Active
			",Peru,Lima,"Spanish (official) 84.1%, Quechua (official) 13%, Aymara (official) 1.7%, Ashaninka 0.3%, other native languages 0.7%, other 0.2%","30,147,935","$12,000 ","agriculture: 25.8%, industry: 17.4%, services: 56.8%",23.90%,94.50%,20.21 deaths,68.39 years
292,0.5,91 months,872,"$359,125 ",Yes,"
				 37% PY							",-17.70%, N/A ,15.89%,18.56%,7.48%,0.00%,"
				Active
			",Guatemala,Guatemala City,"Spanish (official) 60%, Amerindian languages 40%","14,647,083","$5,300 ","agriculture: 38%, industry: 14%, services: 48%",54.00%,75.90%,23.51 deaths,71.74 years
281,0.5,95 months,400,"$393,750 ",Yes,"
				 39% APR							",-97.60%, N/A ,76.95%,99.65%,12.81%,3.28%,"
				Active
			",Zambia,Lusaka,"Bembe 33.4%, Nyanja 14.7%, Tonga 11.4%, Lozi 5.5%, Chewa 4.5%, Nsenga 2.9%, Tumbuka 2.5%, Lunda 1.9%, Kaonde 1.8%, Lala 1.8%, Lamba 1.8%, English (official) 1.7%, Luvale 1.5%, Mambwe 1.3%, Namwanga 1.2%, Lenje 1.1%, Bisa 1%, other 9.2%, unspecified 0.4%","14,638,505","$4,100 ","agriculture: 85%, industry: 6%, services: 9%",60.50%,63.40%,66.62 deaths,55.83 years
273,Inactive,98 months,219,"$148,850 ",Yes,"
				 6% APR							",-29.60%, N/A ,87.17%,98.78%,46.82%,0.00%,"
				Inactive
			",Belize,Belmopan,"Spanish 46%, Creole 32.9%","340,844","$8,800 ","agriculture: 10.2%, industry: 18.1%, services: 71.7%",41.00%,76.90%,20.31 deaths,68.49 years
253,Inactive,102 months,616,"$398,700 ",Yes,"
				 11% APR							",7.60%, N/A ,98.69%,100.00%,0.00%,11.71%,"
				Inactive
			",Indonesia,Jakarta,"Bahasa (official, modified form of Malay), English, Dutch","253,609,643","$5,200 ","agriculture: 38.9%, industry: 13.2%, services: 47.9%",11.70%,92.80%,25.16 deaths,72.17 years
211,Inactive,103 months,287,"$493,550 ",No,"
				 0% APR							",2.80%, N/A ,49.71%,81.70%,9.35%,9.20%,"
				Inactive
			",South Africa,Pretoria,"IsiZulu (official) 22.7%, IsiXhosa (official) 16%, Afrikaans (official) 13.5%, English (official) 9.6%, Sepedi (official) 9.1%, Setswana (official) 8%, Sesotho (official) 7.6%, Xitsonga (official) 4.5%, siSwati (official) 2.5%, Tshivenda (official) 2.4%, isiNdebele (official) 2.1%, other 2.1%","48,375,645","$12,700 ","agriculture: 9%, industry: 26%, services: 65%",53.80%,94.30%,41.61 deaths,55.3 years
617,Inactive,2 months,1,"$120,000 ",Yes,"
				 N/A 							", N/A , N/A ,0.00%,0.00%,0.00%,0.00%,"
				Active
			",United States,Washington DC,"English (offical) 79.2%, Spanish 12.9%, other Indo-European 3.8%, Asian and Pacific island 3.3%, other 0.9%","318,892,103","$54,800 ","farming, forestry, and fishing: 0.7%, manufacturing, extraction, transportation, and crafts: 20.3%, managerial, professional, and technical: 37.3%, sales and office: 24.2%, other services: 17.6%",,99%,6.17 deaths,78.64 years
603,Inactive,15 months,1,"$50,000 ",No,"
				 N/A 							",59.70%, N/A ,50.00%,100.00%,0.00%,0.00%,"
				Active
			",Uganda,Kampala,"English (official) Ganda,Luganda, other Niger-Congo languages, Nilo-Saharan languages, Swahili, Arabic","35,918,915","$1,800 ","agriculture: 82%, industry: 5%, services: 13%",19.50%,78.40%,60.82 deaths,58.02 years
602,Inactive,15 months,1,"$50,000 ",No,"
				 N/A 							",-1.30%, N/A ,100.00%,100.00%,0.00%,0.00%,"
				Active
			",Colombia,Bogota,Spanish,"46,245,297","$11,100 ","agriculture: 17%, industry: 21%, services: 62%",32.70%,93.60%,15.02 deaths,75.25 years
600,Inactive,16 months,2,"$88,000 ",Yes,"
				 N/A 							", N/A , N/A ,39.68%,39.68%,0.00%,0.00%,"
				Active
			",Kenya,Nairobi,"English (official), Kiswahili (official)","45,010,056","$1,800 ","agriculture: 75%, industry and services: 25%",43.40%,87.40%,40.71 deaths,63.52 years
598,Inactive,19 months,3,"$280,000 ",Yes,"
				 N/A 							",-28.00%, N/A ,0.00%,0.00%,0.00%,0.00%,"
				Active
			",Kenya,Nairobi,"English (official), Kiswahili (official)","45,010,056","$1,800 ","agriculture: 75%, industry and services: 25%",43.40%,87.40%,40.71 deaths,63.52 years
597,Inactive,20 months,1,"$50,000 ",No,"
				 N/A 							", N/A , N/A ,0.00%,0.00%,0.00%,0.00%,"
				Active
			",Philippines,Manila,"Filipino (official) and English (official); eight major dialects - Tagalog, Cebuano, Ilocano, Hiligaynon or Ilonggo, Bicol, Waray, Pampango, and Pangasinan","107,668,231","$7,000 ","agriculture: 32%, industry: 15%, services: 53%",25.20%,96.30%,17.64 deaths,N/A years
593,Inactive,23 months,1,"$50,000 ",No,"
				 N/A 							",7.50%, N/A ,100.00%,100.00%,0.00%,0.00%,"
				Active
			",Ecuador,Quito,Spanish,"15,654,411","$10,600 ","agriculture: 27.8%, industry: 17.8%, services: 54.4%",25.60%,91.60%,17.93 deaths,76.36 years
592,Inactive,25 months,2,"$130,000 ",Yes,"
				 N/A 							",6.90%, N/A ,0.00%,0.00%,0.00%,0.00%,"
				Active
			",Kenya,Nairobi,"English (official), Kiswahili (official)","45,010,056","$1,800 ","agriculture: 75%, industry and services: 25%",43.40%,87.40%,40.71 deaths,63.52 years
591,Inactive,25 months,1,"$50,000 ",No,"
				 N/A 							",-9.60%, N/A ,0.00%,0.00%,0.00%,0.00%,"
				Active
			",Indonesia,Jakarta,"Bahasa (official, modified form of Malay), English, Dutch","253,609,643","$5,200 ","agriculture: 38.9%, industry: 13.2%, services: 47.9%",11.70%,92.80%,25.16 deaths,72.17 years
587,Inactive,28 months,1,"$15,000 ",Yes,"
				 N/A 							", N/A , N/A ,0.00%,0.00%,0.00%,0.00%,"
				Active
			",Tanzania,Dodoma,"Kiswahili (official), Kiunguja, English (official), Arabic, many local languages","49,639,138","$1,900 ","agriculture: 80%, industry and services: 20%",28.20%,70.60%,43.47 deaths,60.07 years
586,Inactive,28 months,1,"$50,000 ",No,"
				 N/A 							",-77.40%, N/A ,0.00%,0.00%,0.00%,0.00%,"
				Active
			",United States,Washington DC,"English (offical) 79.2%, Spanish 12.9%, other Indo-European 3.8%, Asian and Pacific island 3.3%, other 0.9%","318,892,103","$54,800 ","farming, forestry, and fishing: 0.7%, manufacturing, extraction, transportation, and crafts: 20.3%, managerial, professional, and technical: 37.3%, sales and office: 24.2%, other services: 17.6%",,99%,6.17 deaths,78.64 years
585,Inactive,28 months,1,"$50,000 ",Yes,"
				 N/A 							",-21.80%, N/A ,0.00%,0.00%,0.00%,0.00%,"
				Active
			",Rwanda,Kigali,"Kinyarwanda only (official) 93.2%, Kinyarwanda and other language(s) 6.2%, French (official) and other language(s) 0.1%, English (official) and other language(s) 0.1%, Swahili 0.02%, other 0.03%, unspecified 0.3%","12,337,138","$1,700 ","agriculture: 90%, industry and services: 10%",44.90%,70.50%,59.59 deaths,N/A years
583,Inactive,28 months,1,"$50,000 ",No,"
				 N/A 							", N/A , N/A ,0.00%,0.00%,0.00%,0.00%,"
				Active
			",Ghana,Accra,"Asante 14.8%, Ewe 12.7%, Fante 9.9%, Boron (Brong) 4.6%, Dagomba 4.3%, Dangme 4.3%, Dagarte (Dagaba) 3.7%, Akyem 3.4%, Ga 3.4%, Akuapem 2.9%","25,758,108","$3,500 ","agriculture: 56%, industry: 15%, services: 29%",28.50%,71.50%,38.52 deaths,65.75 years
581,Inactive,29 months,2,"$55,000 ",No,"
				 N/A 							",0.70%, N/A ,0.00%,0.00%,0.00%,0.00%,"
				Active
			",Peru,Lima,"Spanish (official) 84.1%, Quechua (official) 13%, Aymara (official) 1.7%, Ashaninka 0.3%, other native languages 0.7%, other 0.2%","30,147,935","$12,000 ","agriculture: 25.8%, industry: 17.4%, services: 56.8%",23.90%,94.50%,20.21 deaths,68.39 years
580,Inactive,29 months,1,"$50,000 ",Yes,"
				 N/A 							", N/A , N/A ,0.00%,0.00%,0.00%,0.00%,"
				Active
			",Peru,Lima,"Spanish (official) 84.1%, Quechua (official) 13%, Aymara (official) 1.7%, Ashaninka 0.3%, other native languages 0.7%, other 0.2%","30,147,935","$12,000 ","agriculture: 25.8%, industry: 17.4%, services: 56.8%",23.90%,94.50%,20.21 deaths,68.39 years
573,Inactive,32 months,1,"$40,000 ",Yes,"
				 N/A 							",6.10%, N/A ,0.00%,0.00%,0.00%,0.00%,"
				Active
			",Peru,Lima,"Spanish (official) 84.1%, Quechua (official) 13%, Aymara (official) 1.7%, Ashaninka 0.3%, other native languages 0.7%, other 0.2%","30,147,935","$12,000 ","agriculture: 25.8%, industry: 17.4%, services: 56.8%",23.90%,94.50%,20.21 deaths,68.39 years
571,Inactive,32 months,2,"$150,000 ",No,"
				 N/A 							",5.10%, N/A ,0.00%,0.00%,0.00%,0.00%,"
				Active
			",Colombia,Bogota,Spanish,"46,245,297","$11,100 ","agriculture: 17%, industry: 21%, services: 62%",32.70%,93.60%,15.02 deaths,75.25 years
569,Inactive,33 months,1,"$10,000 ",Yes,"
				 N/A 							",0.60%, N/A ,0.00%,0.00%,0.00%,0.00%,"
				Active
			",Colombia,Bogota,Spanish,"46,245,297","$11,100 ","agriculture: 17%, industry: 21%, services: 62%",32.70%,93.60%,15.02 deaths,75.25 years
568,Inactive,33 months,2,"$150,000 ",No,"
				 N/A 							",59.70%, N/A ,0.00%,0.00%,0.00%,0.00%,"
				Active
			",Thailand,Bangkok,"Thai (official) 90.7%, Burmese 1.3%, other 8%","67,741,401","$14,400 ","agriculture: 38.2%, industry: 13.6%, services: 48.2%",12.60%,96.70%,9.86 deaths,74.01 years
566,Inactive,34 months,1,"$50,000 ",No,"
				 N/A 							",18.80%, N/A ,0.00%,0.00%,0.00%,0.00%,"
				Active
			",Rwanda,Kigali,"Kinyarwanda only (official) 93.2%, Kinyarwanda and other language(s) 6.2%, French (official) and other language(s) 0.1%, English (official) and other language(s) 0.1%, Swahili 0.02%, other 0.03%, unspecified 0.3%","12,337,138","$1,700 ","agriculture: 90%, industry and services: 10%",44.90%,70.50%,59.59 deaths,N/A years
565,Inactive,35 months,2,"$150,000 ",No,"
				 N/A 							",6.50%, N/A ,0.00%,0.00%,0.00%,0.00%,"
				Active
			",Bangladesh,Dhaka,Bengali,"166,280,712","$2,100 ","agriculture: 47%, industry: 13%, services: 40%",31.50%,57.70%,45.67 deaths,70.65 years
563,Inactive,35 months,1,"$25,000 ",Yes,"
				 N/A 							",-6.50%, N/A ,0.00%,0.00%,0.00%,0.00%,"
				Active
			",Cambodia,Phnom Penh,Khmer,"15,458,332","$2,600 ","agriculture: 55.8%, industry: 16.9%, services: 27.3%",20.00%,73.90%,51.36 deaths,63.78 years
560,Inactive,36 months,1,"$50,000 ",No,"
				 N/A 							",-129.50%, N/A ,0.00%,0.00%,0.00%,0.00%,"
				Active
			",Colombia,Bogota,Spanish,"46,245,297","$11,100 ","agriculture: 17%, industry: 21%, services: 62%",32.70%,93.60%,15.02 deaths,75.25 years
558,Inactive,36 months,3,"$310,000 ",Yes,"
				 N/A 							",-7.10%, N/A ,0.00%,0.00%,0.00%,0.00%,"
				Active
			",El Salvador,San Salvador,Spanish,"6,125,512","$7,500 ","agriculture: 21%, industry: 20%, services: 58%",36.50%,84.50%,18.44 deaths,74.18 years
557,Inactive,38 months,1,"$45,000 ",No,"
				 N/A 							",-31.90%, N/A ,100.00%,100.00%,0.00%,0.00%,"
				Active
			",Cameroon,Yaounde,"24 major African language groups, English (official), French (official)","23,130,708","$2,400 ","agriculture: 70%, industry: 13%, services: 17%",48.00%,71.30%,55.1 deaths,57.35 years
556,Inactive,38 months,1,"$15,000 ",No,"
				 N/A 							",4.30%, N/A ,0.00%,0.00%,0.00%,0.00%,"
				Active
			",Ghana,Accra,"Asante 14.8%, Ewe 12.7%, Fante 9.9%, Boron (Brong) 4.6%, Dagomba 4.3%, Dangme 4.3%, Dagarte (Dagaba) 3.7%, Akyem 3.4%, Ga 3.4%, Akuapem 2.9%","25,758,108","$3,500 ","agriculture: 56%, industry: 15%, services: 29%",28.50%,71.50%,38.52 deaths,65.75 years
555,Inactive,38 months,1,"$30,000 ",No,"
				 N/A 							",-20.00%, N/A ,0.00%,0.00%,0.00%,0.00%,"
				Active
			",Panama,Panama City,"Spanish (official), indigenous languages","3,608,431","$20,300 ","agriculture: 17%, industry: 18.6%, services: 64.4%",25.80%,95%,10.7 deaths,62.16 years
553,Inactive,38 months,1,"$50,000 ",No,"
				 N/A 							",7.40%, N/A ,0.00%,0.00%,0.00%,0.00%,"
				Active
			",Ecuador,Quito,Spanish,"15,654,411","$10,600 ","agriculture: 27.8%, industry: 17.8%, services: 54.4%",25.60%,91.60%,17.93 deaths,76.36 years
552,Inactive,39 months,1,"$50,000 ",No,"
				 N/A 							",60.40%, N/A ,0.00%,0.00%,0.00%,0.00%,"
				Active
			",Mali,Bamako,"French (official), Bambara 46.3%","16,455,903","$1,100 ","agriculture: 80%, industry and services: 20%",36.10%,33.40%,104.34 deaths,54.95 years
548,Inactive,40 months,1,"$50,000 ",Yes,"
				 N/A 							", N/A , N/A ,0.00%,0.00%,0.00%,0.00%,"
				Active
			",Ghana,Accra,"Asante 14.8%, Ewe 12.7%, Fante 9.9%, Boron (Brong) 4.6%, Dagomba 4.3%, Dangme 4.3%, Dagarte (Dagaba) 3.7%, Akyem 3.4%, Ga 3.4%, Akuapem 2.9%","25,758,108","$3,500 ","agriculture: 56%, industry: 15%, services: 29%",28.50%,71.50%,38.52 deaths,65.75 years
545,Inactive,41 months,1,"$50,000 ",No,"
				 N/A 							", N/A , N/A ,0.00%,0.00%,0.00%,0.00%,"
				Active
			",Myanmar (Burma),Yangon,Burmese,"55,746,253","$1,700 ","agriculture: 70%, industry: 7%, services: 23%",32.70%,92.70%,44.91 deaths,65.94 years
543,Inactive,41 months,1,"$50,000 ",No,"
				 N/A 							", N/A , N/A ,0.00%,0.00%,0.00%,0.00%,"
				Active
			",Canada,Ottawa,"English (official) 58.7%, French (official) 22%,","34,834,841","$43,100 ","agriculture: 1.7%, industry: 28.4%, services: 69.9%",9.40%,99%,4.71 deaths,81.67 years
542,Inactive,41 months,2,"$150,000 ",No,"
				 N/A 							", N/A , N/A ,0.00%,0.00%,0.00%,0.00%,"
				Active
			",United States,Washington DC,"English (offical) 79.2%, Spanish 12.9%, other Indo-European 3.8%, Asian and Pacific island 3.3%, other 0.9%","318,892,103","$54,800 ","farming, forestry, and fishing: 0.7%, manufacturing, extraction, transportation, and crafts: 20.3%, managerial, professional, and technical: 37.3%, sales and office: 24.2%, other services: 17.6%",,99%,6.17 deaths,78.64 years
540,Inactive,42 months,2,"$150,000 ",No,"
				 N/A 							",-19.80%, N/A ,0.00%,0.00%,0.00%,0.00%,"
				Active
			",Kenya,Nairobi,"English (official), Kiswahili (official)","45,010,056","$1,800 ","agriculture: 75%, industry and services: 25%",43.40%,87.40%,40.71 deaths,63.52 years
539,Inactive,42 months,1,"$50,000 ",No,"
				 N/A 							", N/A , N/A ,0.00%,0.00%,0.00%,0.00%,"
				Active
			",South Africa,Pretoria,"IsiZulu (official) 22.7%, IsiXhosa (official) 16%, Afrikaans (official) 13.5%, English (official) 9.6%, Sepedi (official) 9.1%, Setswana (official) 8%, Sesotho (official) 7.6%, Xitsonga (official) 4.5%, siSwati (official) 2.5%, Tshivenda (official) 2.4%, isiNdebele (official) 2.1%, other 2.1%","48,375,645","$12,700 ","agriculture: 9%, industry: 26%, services: 65%",53.80%,94.30%,41.61 deaths,55.3 years
536,Inactive,44 months,2,"$150,000 ",No,"
				 N/A 							",-122.00%, N/A ,100.00%,100.00%,0.00%,0.00%,"
				Active
			",Pakistan,Islamabad,"Punjabi 48%, Sindhi 12%, Saraiki 10%, Pashto 8%, Urdu (official) 8%, Balochi 3%, Hindko 2%, Brahui 1%, English, Burushaski, and other 8%","196,174,380","$4,700 ","agriculture: 44%, industry: 22%, services: 33%",22.30%,57.90%,57.48 deaths,.. years
535,Inactive,44 months,1,"$25,000 ",No,"
				 N/A 							", N/A , N/A ,100.00%,100.00%,0.00%,0.00%,"
				Active
			",Ghana,Accra,"Asante 14.8%, Ewe 12.7%, Fante 9.9%, Boron (Brong) 4.6%, Dagomba 4.3%, Dangme 4.3%, Dagarte (Dagaba) 3.7%, Akyem 3.4%, Ga 3.4%, Akuapem 2.9%","25,758,108","$3,500 ","agriculture: 56%, industry: 15%, services: 29%",28.50%,71.50%,38.52 deaths,65.75 years
534,Inactive,44 months,2,"$10,000 ",No,"
				 N/A 							", N/A , N/A ,0.00%,0.00%,0.00%,0.00%,"
				Active
			",Bhutan,Thimphu,"Sharchhopka 28%, Dzongkha (official) 24%, Lhotshamkha 22%","733,643","$7,000 ","agriculture: 62%, industry: 19%, services: 19%",12.00%,52.80%,37.89 deaths,68.98 years
532,Inactive,44 months,2,"$150,000 ",No,"
				 N/A 							", N/A , N/A ,0.00%,0.00%,0.00%,0.00%,"
				Active
			",Rwanda,Kigali,"Kinyarwanda only (official) 93.2%, Kinyarwanda and other language(s) 6.2%, French (official) and other language(s) 0.1%, English (official) and other language(s) 0.1%, Swahili 0.02%, other 0.03%, unspecified 0.3%","12,337,138","$1,700 ","agriculture: 90%, industry and services: 10%",44.90%,70.50%,59.59 deaths,N/A years
531,Inactive,45 months,3,"$130,000 ",No,"
				 N/A 							", N/A , N/A ,0.00%,0.00%,0.00%,0.00%,"
				Active
			",Sierra Leone,Freetown,"English (official), Mende, Temne, Krio","5,743,725","$2,100 ",,52.90%,48.10%,73.29 deaths,81.74 years
530,Inactive,45 months,1,"$30,000 ",No,"
				 N/A 							", N/A , N/A ,100.00%,100.00%,0.00%,0.00%,"
				Active
			",Uganda,Kampala,"English (official) Ganda,Luganda, other Niger-Congo languages, Nilo-Saharan languages, Swahili, Arabic","35,918,915","$1,800 ","agriculture: 82%, industry: 5%, services: 13%",19.50%,78.40%,60.82 deaths,58.02 years
529,Inactive,45 months,1,"$36,000 ",No,"
				 N/A 							", N/A , N/A ,100.00%,100.00%,0.00%,0.00%,"
				Active
			",Kenya,Nairobi,"English (official), Kiswahili (official)","45,010,056","$1,800 ","agriculture: 75%, industry and services: 25%",43.40%,87.40%,40.71 deaths,63.52 years
525,Inactive,46 months,1,"$10,000 ",No,"
				 N/A 							", N/A , N/A ,0.00%,0.00%,0.00%,0.00%,"
				Active
			",United States,Washington DC,"English (offical) 79.2%, Spanish 12.9%, other Indo-European 3.8%, Asian and Pacific island 3.3%, other 0.9%","318,892,103","$54,800 ","farming, forestry, and fishing: 0.7%, manufacturing, extraction, transportation, and crafts: 20.3%, managerial, professional, and technical: 37.3%, sales and office: 24.2%, other services: 17.6%",,99%,6.17 deaths,78.64 years
524,Inactive,46 months,1,"$50,000 ",No,"
				 N/A 							",-151.60%, N/A ,0.00%,0.00%,0.00%,0.00%,"
				Active
			",Indonesia,Jakarta,"Bahasa (official, modified form of Malay), English, Dutch","253,609,643","$5,200 ","agriculture: 38.9%, industry: 13.2%, services: 47.9%",11.70%,92.80%,25.16 deaths,72.17 years
523,Inactive,46 months,1,"$50,000 ",No,"
				 N/A 							", N/A , N/A ,0.00%,0.00%,0.00%,0.00%,"
				Active
			",Ghana,Accra,"Asante 14.8%, Ewe 12.7%, Fante 9.9%, Boron (Brong) 4.6%, Dagomba 4.3%, Dangme 4.3%, Dagarte (Dagaba) 3.7%, Akyem 3.4%, Ga 3.4%, Akuapem 2.9%","25,758,108","$3,500 ","agriculture: 56%, industry: 15%, services: 29%",28.50%,71.50%,38.52 deaths,65.75 years
520,Inactive,46 months,1,"$50,000 ",No,"
				 N/A 							",-9.80%, N/A ,0.00%,0.00%,0.00%,0.00%,"
				Active
			",Kenya,Nairobi,"English (official), Kiswahili (official)","45,010,056","$1,800 ","agriculture: 75%, industry and services: 25%",43.40%,87.40%,40.71 deaths,63.52 years
517,Inactive,47 months,1,"$50,000 ",No,"
				 N/A 							", N/A , N/A ,0.00%,0.00%,0.00%,0.00%,"
				Active
			",Guatemala,Guatemala City,"Spanish (official) 60%, Amerindian languages 40%","14,647,083","$5,300 ","agriculture: 38%, industry: 14%, services: 48%",54.00%,75.90%,23.51 deaths,71.74 years
516,Inactive,47 months,5,"$350,000 ",No,"
				 N/A 							",-85.80%, N/A ,10.24%,39.76%,0.00%,0.00%,"
				Active
			",Tanzania,Dodoma,"Kiswahili (official), Kiunguja, English (official), Arabic, many local languages","49,639,138","$1,900 ","agriculture: 80%, industry and services: 20%",28.20%,70.60%,43.47 deaths,60.07 years
515,Inactive,48 months,1,"$40,000 ",No,"
				 N/A 							", N/A , N/A ,0.00%,0.00%,0.00%,0.00%,"
				Active
			",Ghana,Accra,"Asante 14.8%, Ewe 12.7%, Fante 9.9%, Boron (Brong) 4.6%, Dagomba 4.3%, Dangme 4.3%, Dagarte (Dagaba) 3.7%, Akyem 3.4%, Ga 3.4%, Akuapem 2.9%","25,758,108","$3,500 ","agriculture: 56%, industry: 15%, services: 29%",28.50%,71.50%,38.52 deaths,65.75 years
514,Inactive,48 months,2,"$150,000 ",No,"
				 N/A 							", N/A , N/A ,0.00%,0.00%,0.00%,0.00%,"
				Active
			",Ecuador,Quito,Spanish,"15,654,411","$10,600 ","agriculture: 27.8%, industry: 17.8%, services: 54.4%",25.60%,91.60%,17.93 deaths,76.36 years
513,Inactive,49 months,4,"$340,000 ",Yes,"
				 N/A 							",1.00%, N/A ,0.00%,0.00%,0.00%,0.00%,"
				Active
			",Peru,Lima,"Spanish (official) 84.1%, Quechua (official) 13%, Aymara (official) 1.7%, Ashaninka 0.3%, other native languages 0.7%, other 0.2%","30,147,935","$12,000 ","agriculture: 25.8%, industry: 17.4%, services: 56.8%",23.90%,94.50%,20.21 deaths,68.39 years
512,Inactive,49 months,2,"$100,000 ",No,"
				 N/A 							", N/A , N/A ,100.00%,100.00%,0.00%,0.00%,"
				Active
			",Kenya,Nairobi,"English (official), Kiswahili (official)","45,010,056","$1,800 ","agriculture: 75%, industry and services: 25%",43.40%,87.40%,40.71 deaths,63.52 years
511,Inactive,49 months,1,"$35,000 ",No,"
				 N/A 							", N/A , N/A ,0.00%,0.00%,0.00%,0.00%,"
				Active
			",Tanzania,Dodoma,"Kiswahili (official), Kiunguja, English (official), Arabic, many local languages","49,639,138","$1,900 ","agriculture: 80%, industry and services: 20%",28.20%,70.60%,43.47 deaths,60.07 years
510,Inactive,49 months,1,"$50,000 ",No,"
				 N/A 							", N/A , N/A ,100.00%,100.00%,0.00%,0.00%,"
				Active
			",Zimbabwe,Harare,"Shona (official), Ndebele (official), English (official), 13 minority languages","13,771,721","$2,000 ","agriculture: 66%, industry: 10%, services: 24%",72.30%,86.50%,26.55 deaths,55.95 years
509,Inactive,50 months,2,"$130,000 ",No,"
				 N/A 							",12.40%, N/A ,0.00%,0.00%,0.00%,0.00%,"
				Active
			",Kenya,Nairobi,"English (official), Kiswahili (official)","45,010,056","$1,800 ","agriculture: 75%, industry and services: 25%",43.40%,87.40%,40.71 deaths,63.52 years
508,Inactive,50 months,1,"$25,000 ",No,"
				 N/A 							", N/A , N/A ,0.00%,0.00%,0.00%,0.00%,"
				Active
			",Philippines,Manila,"Filipino (official) and English (official); eight major dialects - Tagalog, Cebuano, Ilocano, Hiligaynon or Ilonggo, Bicol, Waray, Pampango, and Pangasinan","107,668,231","$7,000 ","agriculture: 32%, industry: 15%, services: 53%",25.20%,96.30%,17.64 deaths,N/A years
506,Inactive,50 months,4,"$250,000 ",No,"
				 N/A 							", N/A , N/A ,33.44%,100.00%,0.00%,0.00%,"
				Active
			",Haiti,Port-au-Prince,"French (official), Creole (official)","9,996,731","$1,300 ","agriculture: 38.1%, industry: 11.5%, services: 50.4%",80.00%,48.70%,49.43 deaths,63.18 years
505,Inactive,50 months,1,"$50,000 ",No,"
				 N/A 							", N/A , N/A ,0.00%,0.00%,0.00%,0.00%,"
				Active
			",Kenya,Nairobi,"English (official), Kiswahili (official)","45,010,056","$1,800 ","agriculture: 75%, industry and services: 25%",43.40%,87.40%,40.71 deaths,63.52 years
503,Inactive,51 months,2,"$150,000 ",No,"
				 N/A 							", N/A , N/A ,0.00%,0.00%,0.00%,0.00%,"
				Active
			",Zambia,Lusaka,"Bembe 33.4%, Nyanja 14.7%, Tonga 11.4%, Lozi 5.5%, Chewa 4.5%, Nsenga 2.9%, Tumbuka 2.5%, Lunda 1.9%, Kaonde 1.8%, Lala 1.8%, Lamba 1.8%, English (official) 1.7%, Luvale 1.5%, Mambwe 1.3%, Namwanga 1.2%, Lenje 1.1%, Bisa 1%, other 9.2%, unspecified 0.4%","14,638,505","$4,100 ","agriculture: 85%, industry: 6%, services: 9%",60.50%,63.40%,66.62 deaths,55.83 years
502,Inactive,51 months,1,"$35,000 ",No,"
				 N/A 							", N/A , N/A ,0.00%,0.00%,0.00%,0.00%,"
				Active
			",Kenya,Nairobi,"English (official), Kiswahili (official)","45,010,056","$1,800 ","agriculture: 75%, industry and services: 25%",43.40%,87.40%,40.71 deaths,63.52 years
501,Inactive,51 months,3,"$75,000 ",No,"
				 N/A 							",5.70%, N/A ,100.00%,100.00%,0.00%,0.00%,"
				Active
			",Tanzania,Dodoma,"Kiswahili (official), Kiunguja, English (official), Arabic, many local languages","49,639,138","$1,900 ","agriculture: 80%, industry and services: 20%",28.20%,70.60%,43.47 deaths,60.07 years
500,Inactive,51 months,1,"$25,000 ",No,"
				 N/A 							", N/A , N/A ,100.00%,100.00%,0.00%,0.00%,"
				Active
			",Kenya,Nairobi,"English (official), Kiswahili (official)","45,010,056","$1,800 ","agriculture: 75%, industry and services: 25%",43.40%,87.40%,40.71 deaths,63.52 years
498,Inactive,52 months,2,"$130,000 ",No,"
				 N/A 							", N/A , N/A ,100.00%,100.00%,0.00%,0.00%,"
				Active
			",Indonesia,Jakarta,"Bahasa (official, modified form of Malay), English, Dutch","253,609,643","$5,200 ","agriculture: 38.9%, industry: 13.2%, services: 47.9%",11.70%,92.80%,25.16 deaths,72.17 years
497,Inactive,52 months,1,"$50,000 ",No,"
				 N/A 							", N/A , N/A ,0.00%,0.00%,0.00%,0.00%,"
				Active
			",Tanzania,Dodoma,"Kiswahili (official), Kiunguja, English (official), Arabic, many local languages","49,639,138","$1,900 ","agriculture: 80%, industry and services: 20%",28.20%,70.60%,43.47 deaths,60.07 years
496,Inactive,52 months,2,"$60,000 ",No,"
				 N/A 							", N/A , N/A ,0.00%,0.00%,0.00%,0.00%,"
				Active
			",Guatemala,Guatemala City,"Spanish (official) 60%, Amerindian languages 40%","14,647,083","$5,300 ","agriculture: 38%, industry: 14%, services: 48%",54.00%,75.90%,23.51 deaths,71.74 years
494,Inactive,52 months,1,"$32,000 ",No,"
				 N/A 							", N/A , N/A ,0.00%,0.00%,0.00%,0.00%,"
				Active
			",Indonesia,Jakarta,"Bahasa (official, modified form of Malay), English, Dutch","253,609,643","$5,200 ","agriculture: 38.9%, industry: 13.2%, services: 47.9%",11.70%,92.80%,25.16 deaths,72.17 years
492,Inactive,51 months,1,"$50,000 ",No,"
				 N/A 							", N/A , N/A ,0.00%,0.00%,0.00%,0.00%,"
				Active
			",South Africa,Pretoria,"IsiZulu (official) 22.7%, IsiXhosa (official) 16%, Afrikaans (official) 13.5%, English (official) 9.6%, Sepedi (official) 9.1%, Setswana (official) 8%, Sesotho (official) 7.6%, Xitsonga (official) 4.5%, siSwati (official) 2.5%, Tshivenda (official) 2.4%, isiNdebele (official) 2.1%, other 2.1%","48,375,645","$12,700 ","agriculture: 9%, industry: 26%, services: 65%",53.80%,94.30%,41.61 deaths,55.3 years
491,Inactive,53 months,2,"$50,000 ",No,"
				 N/A 							", N/A , N/A ,100.00%,100.00%,0.00%,0.00%,"
				Active
			",Kenya,Nairobi,"English (official), Kiswahili (official)","45,010,056","$1,800 ","agriculture: 75%, industry and services: 25%",43.40%,87.40%,40.71 deaths,63.52 years
490,Inactive,53 months,3,"$250,000 ",Yes,"
				 N/A 							",55.40%, N/A ,0.00%,0.00%,0.00%,0.00%,"
				Active
			",Ghana,Accra,"Asante 14.8%, Ewe 12.7%, Fante 9.9%, Boron (Brong) 4.6%, Dagomba 4.3%, Dangme 4.3%, Dagarte (Dagaba) 3.7%, Akyem 3.4%, Ga 3.4%, Akuapem 2.9%","25,758,108","$3,500 ","agriculture: 56%, industry: 15%, services: 29%",28.50%,71.50%,38.52 deaths,65.75 years
489,Inactive,53 months,1,"$50,000 ",No,"
				 N/A 							", N/A , N/A ,100.00%,100.00%,0.00%,0.00%,"
				Active
			",Ghana,Accra,"Asante 14.8%, Ewe 12.7%, Fante 9.9%, Boron (Brong) 4.6%, Dagomba 4.3%, Dangme 4.3%, Dagarte (Dagaba) 3.7%, Akyem 3.4%, Ga 3.4%, Akuapem 2.9%","25,758,108","$3,500 ","agriculture: 56%, industry: 15%, services: 29%",28.50%,71.50%,38.52 deaths,65.75 years
487,Inactive,53 months,52,"$52,600 ",Yes,"
				 5% APR							", N/A , N/A ,0.00%,0.00%,0.00%,0.00%,"
				Inactive
			",Thailand,Bangkok,"Thai (official) 90.7%, Burmese 1.3%, other 8%","67,741,401","$14,400 ","agriculture: 38.2%, industry: 13.6%, services: 48.2%",12.60%,96.70%,9.86 deaths,74.01 years
486,Inactive,54 months,1,"$35,000 ",No,"
				 N/A 							", N/A , N/A ,0.00%,0.00%,0.00%,0.00%,"
				Active
			",Nigeria,Abuja,"English (official), Hausa, Yoruba, Igbo, Fulani, over 500 additional indigenous languages","17,466,172","$6,100 ","agriculture: 70%, industry: 10%, services: 20%",46.00%,59.60%,74.09 deaths,N/A years
482,Inactive,55 months,2,"$150,000 ",No,"
				 N/A 				  (See note) ",0.60%, N/A ,0.00%,0.00%,0.00%,0.00%,"
				Active
			",United States,Washington DC,"English (offical) 79.2%, Spanish 12.9%, other Indo-European 3.8%, Asian and Pacific island 3.3%, other 0.9%","318,892,103","$54,800 ","farming, forestry, and fishing: 0.7%, manufacturing, extraction, transportation, and crafts: 20.3%, managerial, professional, and technical: 37.3%, sales and office: 24.2%, other services: 17.6%",,99%,6.17 deaths,78.64 years
480,Inactive,56 months,173,"$213,875 ",Yes,"
				 10% APR							",-16.10%, N/A ,100.00%,100.00%,0.00%,0.00%,"
				Paused
			",Haiti,Port-au-Prince,"French (official), Creole (official)","9,996,731","$1,300 ","agriculture: 38.1%, industry: 11.5%, services: 50.4%",80.00%,48.70%,49.43 deaths,63.18 years
465,Inactive,61 months,171,"$110,650 ",Yes,"
				 19% APR							", N/A , N/A ,100.00%,100.00%,0.00%,1.00%,"
				Active
			",Colombia,Bogota,Spanish,"46,245,297","$11,100 ","agriculture: 17%, industry: 21%, services: 62%",32.70%,93.60%,15.02 deaths,75.25 years
430,Inactive,76 months,60,"$127,950 ",Yes,"
				 18% APR							",-9.00%, N/A ,90.43%,100.00%,29.63%,0.61%,"
				Inactive
			",Georgia,Tbilisi,"Georgian (official) 71%, Russian 9%, Armenian 7%, Azeri 6%","4,935,880","$6,100 ","agriculture: 55.6%, industry: 8.9%, services: 35.5%",9.20%,99.70%,16.68 deaths,75.72 years
372,Inactive,76 months,27,"$66,625 ",No,"
				 0% APR							",79.80%, N/A ,0.00%,0.00%,0.00%,0.00%,"
				Active
			",Cambodia,Phnom Penh,Khmer,"15,458,332","$2,600 ","agriculture: 55.8%, industry: 16.9%, services: 27.3%",20.00%,73.90%,51.36 deaths,63.78 years
350,Inactive,81 months,7,"$66,500 ",Yes,"
				 4% APR							",-18.30%, N/A ,0.00%,0.00%,48.35%,0.00%,"
				Inactive
			",United States,Washington DC,"English (offical) 79.2%, Spanish 12.9%, other Indo-European 3.8%, Asian and Pacific island 3.3%, other 0.9%","318,892,103","$54,800 ","farming, forestry, and fishing: 0.7%, manufacturing, extraction, transportation, and crafts: 20.3%, managerial, professional, and technical: 37.3%, sales and office: 24.2%, other services: 17.6%",,99%,6.17 deaths,78.64 years
345,Inactive,86 months,1,"$50,000 ",Yes,"
				 N/A 							",20.70%, N/A ,100.00%,100.00%,0.00%,0.00%,"
				Inactive
			",Kenya,Nairobi,"English (official), Kiswahili (official)","45,010,056","$1,800 ","agriculture: 75%, industry and services: 25%",43.40%,87.40%,40.71 deaths,63.52 years
293,Inactive,92 months,3,"$16,925 ",Yes,"
				 N/A 							",0.00%, N/A ,0.00%,0.00%,6.47%  (See note),13.30%,"
				Inactive
			",Chile,Santiago,Spanish,"17,363,894","$19,100 ","agriculture: 13.2%, industry: 23%, services: 63.9%",15.10%,98.60%,7.02 deaths,78.44 years
526,0,45 months,1,"$50,000 ",Yes,"
				 N/A 							", N/A , N/A ,0.00%,0.00%,0.00%,0.00%,"
				Active
			",Kenya,Nairobi,"English (official), Kiswahili (official)","45,010,056","$1,800 ","agriculture: 75%, industry and services: 25%",43.40%,87.40%,40.71 deaths,63.52 years
